/usr/local/lib/python3.12/dist-packages/requests/__init__.py:113: RequestsDependencyWarning: urllib3 (2.6.3) or chardet (6.0.0.post1)/charset_normalizer (3.4.4) doesn't match a supported version!
  warnings.warn(
Loading tokenizer: Qwen/Qwen3-0.6B
Warning: You are sending unauthenticated requests to the HF Hub. Please set a HF_TOKEN to enable higher rate limits and faster downloads.
Fast mode: capping each raw dataset to 400 rows before concat/cast (use --max-rows 0 for the full dataset).
Will verify 6 dataset(s): ['pile-10k', 'ultrachat_200k:concat=true', 'IF_multi_constraints_upto5:concat=true', 'Nemotron-SFT-Math-v3:concat=true', 'Nemotron-SFT-OpenCode-v1:concat=true', 'Nemotron-RL-Agentic-SWE-Pivot-v1:concat=true']

========================================================================================
DATASET DSL : pile-10k
tokenizer   : Qwen/Qwen3-0.6B  (bos=None, eos=151645, pad=151643, vocab=151643)
seqlen=2048  nsamples=4  bs=2
----------------------------------------------------------------------------------------
[batch 0] input_ids=(2, 2048) torch.int64   attention_mask=(2, 2048) torch.int64
----------------------------------------------------------------------------------------
  sample #1  len=2048 (ok=True)  ids.dtype=torch.int64  attn.dtype=torch.int64
    token id range: [0, 99077]  vocab_ok=True
    attention: valid=2048/2048  all_ones=True  pad_count=0
    BOS: starts_with_bos=False  bos_count=0
    EOS: ends_with_eos=False  eos_count=0  eos_inside(separators)=0
    first 24 ids: [11659, 271, 40, 614, 2677, 14890, 4378, 304, 1156, 1697, 13, 358, 1477, 432, 3041, 803, 5810, 311, 10902, 279, 7743, 315, 264, 3668]
    last  24 ids: [11, 26646, 279, 4453, 5944, 315, 279, 3364, 1101, 311, 2924, 825, 3668, 6693, 3476, 304, 279, 19221, 5710, 1405, 678, 429, 2989, 382]
    decoded[FULL 9980c]:
blog

I have always preferred writing in first person. I find it far more natural to adopt the voice of a character and explore the narrative through their worldview than to take on the role of omniscient narrator. But that doesn’t mean I haven’t tried the alternative, to varying degrees of success.

I think the challenge I find when it comes to writing in third person is that it’s so much harder to explore what is going through a character’s head. In first person you essentially become the character and so articulating their experience is fairly straightforward but to do third person well you have to show rather than tell, and this is much harder, especially when you’re still trying to make the audience empathise.

It’s no coincidence that Windmills and Boone Shepard, the two of my stories that have persisted the longest, were both written in first person. Boone’s wry, exasperated, self deprecating approach to his adventures is fundamental to the style of his stories while one of Windmills’ biggest strengths was always the contrasting perspectives of its three central characters. First person allowed me to dig deep and I think was an inherent part of the reason those stories have always been so important to me.

And yet the time seems to have come where I have no choice but to kill that particular darling, at least as far as Windmills is concerned. I’ve been writing a fair bit in blogs lately about the current iteration of that novel, which I’ve been slowly working on over the last year, but one thing I haven’t mentioned is that, unlike previous versions, this one is in third person.

Part of the reason for this is the condensation of the narrative. Originally Windmills took place in four distinct parts over several years, each told from the perspective of a different character. The current version essentially tells the same stories in a much smaller time frame, meaning they largely occur parallel to each other, and this made writing in first person much more challenging. I briefly considered pulling a George R.R. Martin and having the story alternate between the perspectives of three viewpoint characters, but it doesn’t really suit Windmills; certain extended parts have to be told from one character’s point of view while others require more jumping between perspectives. Some of this structure is due to the fact that this particular iteration of Windmills was originally designed for television, where I could be far looser about whose eyes we saw events unfold through, but in a first person novel that has as much going on as Windmills does that becomes an impossible task and so, to tell this story the way I felt I needed to, my only choice was to bite the bullet and shift to third person.

It’s been a weird experience, to say the least. The writing hasn’t felt nearly as natural as previous versions, and yet reading back over it I think it’s significantly better than any of them. Third person has certainly given me the narrative flexibility I needed but that doesn’t change the fact that I’m so used to telling this story through the eyes of specific characters that taking a step back makes me feel oddly disconnected, like I’m not as invested as I have been in previous attempts. Of course part of this is certainly due to the fact that I’ve been working on various reworkings of Windmills for so long that it’s a legitimate surprise that I have any passion left for the story at all, but being unable to relay events in the unique voices of Leo, Lucy and Ed is weird.

That said, I think it’s largely been a benefit. I mentioned above that third person requires you to show more than you tell and so I’ve taken this as an opportunity to introduce more subtlety and ambiguity to the narrative. I can depict the actions of the characters with the barest glimpse of their thoughts and let the audience put two and two together regarding the whys of their choices. It gives a slight detachment to proceedings, but I think it makes for a more interesting novel on the whole. I’ve always had a tendency to over-explain in my writing and telling the story this way kind of forces me to do the opposite in order to make it compelling. It’s a weird, uncomfortable step into new and different territory for me, but reading over the novel so far makes me think it’s working. When you’ve written a story as many times as I’ve written Windmills it’s easy to become set in your ways but important to be willing to break said ways to break new ground and give yet another version of the same story a valid reason to exist.

If you want to progress as a writer you have to be willing to step out of your comfort zone in more than just the territory you explore. Even if it seems scary or like you have to say goodbye to something you loved, the results may just surprise you.

One of the first pieces of advice you’ll ever get when you set out to be a writer is to ‘kill your darlings’. It’s a phrase that refers to the practice of getting rid of passages, phrases, characters or subplots that you really like when they’re not serving the story properly. Generally speaking it’s a good rule; every storyteller will sooner or later find themselves in a situation where the only justification for including a certain story element is ‘but I really like it!’, which, simply put, isn’t good enough.

Bad stories come in many forms but the worst offenders tend to be stories that force the audience to put up with things that aren’t necessary or entertaining. It’s in these instances that ‘kill your darlings’ might have saved the narrative, as a writer who seriously interrogates the worth of every aspect of their story tends to tell a story worth hearing.

Which brings me to Windmills. For those unaware (and I can’t imagine you’re reading this if you’re unaware), Windmills has long been the love of my storytelling life, a psychological thriller I first wrote in high school that I’ve never quite been able to leave alone, whether I’m adapting it into a play, self-publishing it as a novel, adapting it into a TV screenplay or, as I currently am, reworking it as a novel again. Windmills tells the story of Leo Grey, a teenager who makes a terrible mistake that haunts him for the rest of his life as his continued failure to do the right things leads to his moral decay and causes a domino effect that destroys the lives of those he cares about. The process of revisiting Windmills again and again over the last eight (!) years has been at times frustrating but ultimately satisfying as bit by bit I’ve gotten closer to what I think the story has to be.

Of course, over such a long period there have been characters and plot elements added and detracted from the first draft. Some of these have helped while others have slowed down the process, but one character has managed both. Charlotte Laurent was never present in the original draft; in fact she first came into being as the protagonist of a companion novel I tried to write immediately after the first draft. Charlotte was the girlfriend and eventual wife of Dominic Ford, the drug lord antagonist of Windmills, and the companion book would have depicted her corruption in a way that paralleled Leo’s, leading up to a showdown between the two. The more time I spent on the novel however the more I realised it wasn’t working, and Charlotte’s arc ended up predominantly as backstory for the next version of Windmills, in which Charlotte herself became a supporting character.

Maybe in part due to the fact that Charlotte was meant to be a protagonist but ended up being more secondary, she’s always been a big favourite of mine. As a character she’s innately fascinating to me; younger than the rest of the cast, she basically gets dragged into a world she doesn’t fully understand which proceeds to twist and change her until she is finally forced to decide where she stands. Charlotte is one of the few Windmills characters who eventually got a happy ending because she was one of the few I really felt didn’t deserve to suffer in some way.

However, after Windmills won the Ustinov award and I started developing it as a TV series concept in earnest, some darlings faced the chopping block and Charlotte was chief among them. The reason for this was simple; Charlotte’s role in the story took place entirely in the extensive part of Windmills that followed the central characters out of high school, and the TV version of Windmills, tweaked in the interest of making it an easier sell as a young adult story, only leaves high school at the very end, meaning there was very little room for Charlotte to appear in any way that felt natural. I tried really hard but in the end the best I could settle for was a brief cameo at the end that didn’t touch on all the backstory or relationships she had originally had with the other characters. And with the new version of the novel closely following the TV series outline, it stood to reason that Charlotte’s role would remain unfortunately minor.

Weirdly, however, for a character who never existed in the earliest versions of the story, the loss of Charlotte was something of a fatal blow. Try as I might, the story just didn’t quite feel like Windmills without her. Charlotte is so central to so much of the mythology that without her it felt somewhat like I was working on a high school drama that included some of the elements of Windmills without ever getting near the soul of it. Because, as I slowly learned, Charlotte, like Leo and Lucy and Dominic, is now part of the DNA of the narrative and without her it could never quite feel complete.

So what do you do? Logic dictates you kill this darling, and yet instinct begs you not to. I struggled with this for a while but in the end I decided that I just had to persevere and try to ignore the gaping hole left by Charlotte. I couldn’t, after all, twist the entire structure of the story just to include one character whose role in the narrative wasn’t all that important.


    <<< end decoded sample #1 >>>
----------------------------------------------------------------------------------------
  sample #2  len=2048 (ok=True)  ids.dtype=torch.int64  attn.dtype=torch.int64
    token id range: [1, 98861]  vocab_ok=True
    attention: valid=2048/2048  all_ones=True  pad_count=0
    BOS: starts_with_bos=False  bos_count=0
    EOS: ends_with_eos=False  eos_count=0  eos_inside(separators)=0
    first 24 ids: [13463, 91788, 1479, 25, 434, 8264, 36003, 8642, 220, 16, 23, 11, 220, 17, 15, 16, 21, 198, 28802, 5146, 7206, 393, 14119, 38879]
    last  24 ids: [271, 610, 19155, 279, 1852, 8172, 553, 24609, 3363, 13, 1205, 614, 24001, 879, 1969, 7232, 271, 1782, 584, 594, 5091, 323, 10306, 279]
    decoded[FULL 9546c]:
                                              RENDERED: FEBRUARY 18, 2016
                                                         TO BE PUBLISHED

               oSuprrittr        Caurf TArttfurhu
                               2015-SC-000086-CL



IN RE:                                             F
ROBERT A. WINTER, JR., PLAINTIFF

AND

CAMERON BLAU AND
HONORABLE ALLISON JONES,
INTERVENING PLAINTIFFS

                 THE UNITED STATES DISTRICT COURT
          EASTERN DISTRICT OF KENTUCKY, NORTHERN DIVISION
                   COVINGTON, CIVIL NO. 14-119-ART


HONORABLE STEPHEN D. WOLNITZEK,
IN HIS OFFICIAL CAPACITY AS CHAIR,
JUDICIAL CONDUCT COMMISSION, ET AL.




              OPINION OF THE COURT BY JUSTICE VENTERS

                            CERTIFYING THE LAW

      Pursuant to CR 76.37(1), we granted the certification request of the

United States District Court for the Eastern District of Kentucky (District

Court), to provide the answer under Kentucky law to the following three

questions and the associated sub-questions:

Question 1:

      Canon 5A(1)(a) states that a judge or judicial candidate shall not
      "campaign as a member of a political organization." What
      constitutes "campaign[ing] as a member of a political
       organization"? As applied to this case, would it include a
       candidate's statements in mailers identifying his political party,
       such as "I am the only Republican candidate for Judge" or "I am
       the Conservative Republican candidate for Judge"? Would a
       candidate's statement that his opponent was "the Democrat
       candidate for Judge" or the "Liberal Democrat for Judge" violate
       the Canon?

Question 2:

      Canon 5A(1)(b) states that a judge or judicial candidate shall not
      "act as a leader or hold any office in a political organization." What
      constitutes "act[ing] as a leader or hold[ing] any office"? As applied
      to this case, would hosting events for a political party violate the
      Canon?

Question 3:

      Canon 5B(1)(c) states that a judge or judicial candidate "shall not
      knowingly, or with reckless disregard for the truth, misrepresent
      any candidate's identity, qualifications, present position, or make
      any other false or misleading statements." What constitutes a false
      statement? As applied to this case, would it include a candidate
      who asks voters to "re-elect" her to a second term even though she
      was appointed to her first term?

      These canons were promulgated by this Court with the objective of

complying with Section 117 of our Constitution requiring that "Justices of the

Supreme Court and judges of the Court of Appeals, Circuit and District Court

shall be elected from their respective districts or circuits on a nonpartisan basis

as provided by law." (Emphasis added.) We interpret this provision of the

Kentucky Constitution as directing that Kentucky's judicial elections be

nonpartisan in truth and substance, and not merely in process and procedure

by the superficial omission of a political party designation on the voting ballot.

Accordingly, we provide the following certification of Kentucky law in response

to the District Court's questions.


                                         2
                 I. FACTUAL AND PROCEDURAL BACKGROUND
       Robert A. Winter, Jr., filed to run in the May 2014 primary election as a

candidate for circuit court judge in the 16th Judicial Circuit (Campbell

County). As part of his campaign strategy, Winter mailed brochures to

registered Republican voters identifying himself as a registered Republican

and, conversely, identifying his opponents as registered Democrats. After the

brochures were sent out, the Kentucky Judicial Conduct Commission (JCC)

notified Winter that it had received complaints that his brochures violated the

Kentucky Code of Judicial Conduct. Winter responded in June 2014 by filing

suit in the District Court against the JCC challenging the constitutionality of

Canons 5A(1)(a) (prohibiting judges and judicial candidates from campaigning

as a member of a political organization) and 5B(1)(c) (prohibiting judges or

judicial candidates from making "false" or "misleading" statements).

      During the same election cycle, Cameron Blau entered the race as a

candidate for district court judge in the 17th Judicial District (Campbell

County). Because Blau likewise intended to openly campaign as a Republican

and send brochures likewise identifying himself as a Republican, in October

2014, Blau filed an intervening complaint to join Winter's challenge to Canons

5A(1)(a) and 5B(1)(c). As relevant here, Blau also challenged the

constitutionality of Canon 5A(1)(b) (a judicial candidate shall not "act as a

leader or hold any office in a political organization"). In his complaint, Blau

stated that he wanted to send out brochures to potential voters identifying

himself as "the only Republican candidate for Judge," or "the Conservative


                                         3
Republican candidate for Judge" and identifying his opponent as "the

Democrat candidate" or the "Liberal Democrat for Judge." Blau also indicated

in his complaint that he wanted to seek the endorsement of the local

Republican Party, host events for the local Republican Party, and make

political donations to members of the Republican Party.' In a lengthy order

preliminarily addressing the constitutionality of the canons under review (the

Injunction Order), the District Court concluded that there was a likelihood that

each of the canons at issue was unconstitutional, and granted Blau's motion to

prevent the JCC from enforcing the canons against him in the November 2014

election.

       Allison Jones was appointed by Governor Steve Beshear to the Kentucky

Court of Appeals in July 2013. To retain the office to which she was appointed,

Jones became a candidate in the November 2014 General Election. In October

2014, the JCC received a complaint alleging that Judge Jones had made false

and misleading statements in speeches and campaign materials. The "false

and misleading statements" referred to Jones' use of the word "re-elect" to

describe her effort to retain the judicial position to which she had been

appointed rather than "elected." Jones then intervened in Winter's District

Court action, contending that Canon 5B(1)(c) (prohibiting false statements) was

unconstitutional. The only issue presented in Jones' portion of the case is

whether an incumbent judge who was appointed to office may properly use the



        1 Blau also raised constitutional challenges to other judicial canons not at issue
in the questions of law presently before us.

                                            4
word "re-elect" to describe her effort to retain the office to which she was

appointed but not elected.

       It is within the context of this litigation that the District Court requested

that we certify the law on the questions addressed herein.


                          II. GENERAL CONSIDERATIONS
       We begin with a few general considerations that guide our examination of

the questions presented by the District Court. First, pursuant to the Kentucky

Constitution, all judges and justices at every level of the state judiciary are

selected by ballots cast by the people of Kentucky. Ky. Const. § 117. Thus, we

recognize that the judicial canons we address in this decision were designed to

serve the state's compelling interest of encouraging an unbiased and impartial

judiciary for the Commonwealth, and that the Commonwealth's interest is

offset by restricting the political speech of only the few who volunteer to be a

candidate for office, not their supporters, advocates, and non-candidate

adversaries.

      The ultimate objective of our system of judicial selection is to achieve a

delicate balance. On one side of the scales, we must foster and protect the

people's prerogative to choose by direct vote the judges that preside locally and

statewide. On the other side of the scales, we must create a political

environment in which judges selected by the citizens are not tethered, or

beholden to partisan political factions and their associated creeds. And, we

must do so in a way that preserves the judiciary as an institution that is not

partial to or biased against any political faction.

                                          5
        The federal judicial system achieves this balance by an effective but

different approach. Rather than selecting judges by popular election, the

federal system selects judges by the collaborative effort of the political

branches, the executive and the legislative, based upon any and all factors

including the nominee's political ties, beliefs, and political ideologies. The

federal system achieves its assurance that judges are not beholden to political

interests and factions by appointing them for life. With the lifetime tenure,

federal judges are liberated from any ties or allegiance to the political factions

that supported their ascension, and that might otherwise seek to influence

them.

        The federal system secures the government's vital interest in an

independent judiciary at the expense of the people's ability to choose and

replace their judges. Kentuckians, like the citizens of most states, chose to

achieve the same balance by alternate means. We have judges who must earn

the public's respect and maintain the
    <<< end decoded sample #2 >>>
[batch 1] input_ids=(2, 2048) torch.int64   attention_mask=(2, 2048) torch.int64
----------------------------------------------------------------------------------------
SUMMARY [pile-10k]
  batches=2  total_sequences=4
  ids dtypes seen : ['torch.int64']
  attn dtypes seen: ['torch.int64']
  all seq len == 2048 : True
  all token ids < vocab   : True
  total EOS-as-separator inside sequences: 0  (0 => documents concatenated with NO EOS boundary)

========================================================================================
DATASET DSL : ultrachat_200k:concat=true
tokenizer   : Qwen/Qwen3-0.6B  (bos=None, eos=151645, pad=151643, vocab=151643)
seqlen=2048  nsamples=4  bs=2
----------------------------------------------------------------------------------------
`trust_remote_code` is not supported anymore.
Please check that the Hugging Face dataset 'HuggingFaceH4/ultrachat_200k' isn't based on a loading script and remove `trust_remote_code`.
If the dataset is based on a loading script, please ask the dataset author to remove it and convert it to a standard format like Parquet.
[38;20m2026-08-11 08:45:45 INFO calib_dataset.py L753: Tokenizer looks like an instruct/chat model, but apply_chat_template=False. Setting to True.[0m
Filter:   0%|          | 0/220 [00:00<?, ? examples/s]Filter: 100%|██████████| 220/220 [00:00<00:00, 965.89 examples/s]Filter: 100%|██████████| 220/220 [00:00<00:00, 962.90 examples/s]
Casting the dataset:   0%|          | 0/220 [00:00<?, ? examples/s]Casting the dataset: 100%|██████████| 220/220 [00:00<00:00, 306.37 examples/s]Casting the dataset: 100%|██████████| 220/220 [00:00<00:00, 305.77 examples/s]
[batch 0] input_ids=(2, 2048) torch.int64   attention_mask=(2, 2048) torch.int64
----------------------------------------------------------------------------------------
  sample #1  len=2048 (ok=True)  ids.dtype=torch.int64  attn.dtype=torch.int64
    token id range: [0, 95456]  vocab_ok=True
    attention: valid=2048/2048  all_ones=True  pad_count=0
    BOS: starts_with_bos=False  bos_count=0
    EOS: ends_with_eos=False  eos_count=0  eos_inside(separators)=0
    first 24 ids: [20470, 264, 4013, 315, 38468, 311, 11926, 34986, 93850, 2447, 653, 537, 614, 279, 5726, 311, 1855, 9124, 38468, 11, 714, 358, 646, 3410]
    last  24 ids: [22136, 4345, 6513, 11, 323, 4752, 3746, 1824, 14155, 13, 16904, 279, 2355, 315, 40857, 2151, 11, 7775, 646, 1352, 264, 5530, 315, 3633]
    decoded[FULL 10548c]:
Design a series of posters to promote bicycle commuting.I do not have the ability to create visual posters, but I can provide you with some taglines and content ideas that could be used in promoting bicycle commuting:

1. "riding a bike to work saves money, the environment, and your health!"
2. "get exercise, fresh air, and beat traffic by riding your bike to work."
3. "join the bike-to-work movement! help reduce carbon emissions and promote sustainable living, one pedal stroke at a time!"
4. "who needs a gym when you can burn calories on your bike commute?"
5. "experience the freedom and joy of cycling while reducing congestion on the roads."
6. "riding a bike is good for your body, mind, and wallet. Give it a try!"
7. "less time stuck in traffic. More time enjoying the open road. Ride to work and feel alive!"
8. "reduce your carbon footprint and get in shape by biking to work. It’s a win-win for you and the planet!"
9. "bike to work and explore your city in a new way. Discover hidden treasures and enjoy the scenery."
10. "biking to work is not just a mode of transportation. It's a lifestyle that promotes health, wellness, and sustainability."Could you possibly provide me with more information on the benefits of bike commuting, like specific health benefits or the environmental impact?Certainly! Here are some additional benefits of bike commuting that you could use in your posters or other promotional materials:

1. Health benefits: Biking is a great way to stay active, which can have numerous health benefits such as reducing the risk of obesity, heart disease, stroke, and type 2 diabetes. It can also improve mental health by reducing stress levels. 2. Environmental impact: Bike commuting is a sustainable transportation option that does not contribute to air pollution, noise pollution, or greenhouse gas emissions that are associated with motorized vehicles. By choosing to bike instead of drive, you can help to reduce your carbon footprint and protect the environment. 3. Economic benefits: Biking can be a more cost-effective mode of transportation. By avoiding the cost of gas, insurance, and car maintenance, you can save money in the long run. Additionally, some cities may offer incentives or tax credits to encourage bike commuting. 4. Improved productivity: Biking to work can help to increase alertness and productivity by providing a morning exercise routine that can help you feel more energized throughout the day. 5. Free parking: Unlike cars, bikes do not require parking spaces or fees, which means that you can save money and time by not having to search for parking. These are just a few of the many benefits of biking to work. By highlighting these benefits, you can help to encourage more people to give bike commuting a try.Could you provide me with some statistics to back up these points?Certainly! Here are some statistics that you could use to support the benefits of bike commuting in your posters:

1. Health benefits:
   - According to the World Health Organization, physical inactivity is the fourth leading risk factor for global mortality. Regular physical activity, such as cycling, can reduce the risk of non-communicable diseases, such as heart disease and stroke, by up to 30%. - Cycling for just 30 minutes per day can burn up to 500 calories. 2. Environmental impact:
   - According to the European Cyclists' Federation, a person cycling 10 km to work and back every day can save over 1,500 kg of CO2 emissions per year, compared to traveling by car. - The Union of Concerned Scientists estimates that if Americans replaced just one car trip per day with a bike ride, it would save 2 billion gallons of gas and reduce carbon emissions by 22 billion pounds per year. 3. Economic benefits:
   - According to the Bicycle Commuter Act, a tax credit of up to $240 per year is available for employees who bike to work. - A study from the University of California found that employers can save up to $7,000 per year for each employee who bikes to work instead of driving. 4. Improved productivity:
   - A study from the University of Bristol found that employees who ride their bikes to work are less likely to experience a dip in concentration and energy mid-morning and mid-afternoon, leading to improved productivity. 5. Free parking:
   - According to the National Association of City Transportation Officials, a single car parking spot can cost between $5,000 and $50,000 to build and maintain, whereas a bike parking facility can support dozens of bikes at a fraction of the cost. These statistics can help to make your posters more compelling and informative, and they can also make it easier for readers to understand the potential benefits of bike commuting.Could you also provide some tips for bike commuting beginners, like what gear they may need or safety precautions they should take?Sure! Here are some tips for beginners who want to start bike commuting:

1. Get the right gear: Good gear can make your ride more comfortable and safer. You will need a helmet, a sturdy bike lock or secure parking space, and clothing appropriate for the weather conditions. If you are biking at night or in low-light conditions, be sure to wear reflective clothing or add reflective tape to your bike or helmet. 2. Plan your route: Research your route and choose one that is safe and convenient for your skill level. Consider bike-friendly roads or bike lanes, and avoid busy streets or heavy traffic areas. Many cities have online resources or maps of bike routes that you can use to plan your commute. 3. Practice safety precautions: Always obey traffic laws, including stop signs and traffic signals. Use hand signals to indicate when you are turning or stopping. Be visible, especially in low-light conditions, by using lights and reflective clothing. Always wear a helmet to protect your head. 4. Start slowly: If you are new to biking or haven't ridden in a while, start with short rides and gradually increase your distance and speed. Be patient with yourself and don't push yourself too hard. 5. Be prepared: Bring a small toolkit with you, including a spare tube, tire levers, and a pump. Make sure your bike is in good working condition before you set out on a ride. 6. Consider taking a bike safety class: Many cities offer bike safety classes that can help you learn the rules of the road and improve your cycling skills. Following these tips can help make your bike commute more enjoyable, safe, and easy.Write a persuasive essay on the importance of friendship, focusing on how it helps individuals cope with stress and adversity, promotes personal growth and happiness, and why it's crucial for building a strong support network. Additionally, address any counterarguments, provide real-life examples, and suggest practical strategies for fostering and maintaining friendships throughout one's lifetime. Ensure the essay is well-structured, uses credible sources to support claims, and employs persuasive language and tone.Friendship is an incredibly important aspect of our lives that often goes undervalued. Aside from providing emotional and social support, friendships help individuals cope with stress and adversity, promote personal growth and happiness, and are crucial for building a strong support network. Through the power of companionship, individuals can form a sense of connection and belongingness that can have long-lasting and positive effects on their overall wellbeing. In this persuasive essay, I will argue the significance of friendship and emphasize the ways in which it can impact our daily lives.

First and foremost, friendships can help individuals cope with stress and adversity by offering a sense of stability and comfort during difficult times. When people are going through stressful situations, they can often feel lost, hopeless and alone. However, having friends who are supportive and understanding can help alleviate these feelings, providing solace and a listening ear. According to a research study published in the Journal of Social and Personal Relationships, strong friendships can even help individuals overcome difficult life circumstances, such as a chronic illness or a loss of a loved one. The study found that participants with close friends experienced fewer negative outcomes and were better able to cope with adversity compared to those without such social support.

Additionally, friendships promote personal growth and happiness by providing a sense of purpose and fulfillment. Friends help individuals develop their social skills, empathy, and emotional intelligence, ultimately leading to a better sense of self-awareness and improved mental health. As stated in a publication by the National Academy of Sciences, "Having satisfying social relationships is associated with better health outcomes, including lower blood pressure and a reduced risk of mental illness." Friendships can also promote personal goal-setting, motivation and encourage individuals to step outside their comfort zones, leading to new experiences and opportunities for personal growth.

Another essential aspect of friendships is the role they play in building a support network. Friends can provide individuals with guidance, feedback and advice, opening up new opportunities and creating a sense of belonging within a community. A strong support network can help individuals navigate the ups and downs of life, including career changes, family issues or health problems. Moreover, having a strong social support network has a positive impact on both our physical and mental wellbeing, as it can reduce stress and lower the risk of depression, amongst other health benefits.

There are counterarguments to the importance of friendships, such as the idea that individuals should be self-sufficient and not rely on others for support. However, humans are social beings, and loneliness can have severe negative effects on our health and well-being. As such, developing and maintaining friendships is not a sign of weakness, but rather a means of survival and growth. Additionally, some may argue that the stresses of adulthood make it challenging to sustain relationships. However, through intentional effort and effective communication, individuals can maintain friendships despite external factors.

In conclusion, friendships play a crucial role in our lives, providing emotional and social support, promoting personal growth, and building strong support networks. Through the power of companionship, individuals can form a sense of connection
    <<< end decoded sample #1 >>>
----------------------------------------------------------------------------------------
  sample #2  len=2048 (ok=True)  ids.dtype=torch.int64  attn.dtype=torch.int64
    token id range: [0, 98741]  vocab_ok=True
    attention: valid=2048/2048  all_ones=True  pad_count=0
    BOS: starts_with_bos=False  bos_count=0
    EOS: ends_with_eos=False  eos_count=0  eos_inside(separators)=0
    first 24 ids: [323, 32052, 429, 646, 614, 1293, 64165, 6785, 6239, 389, 862, 8084, 56830, 13, 2014, 29987, 323, 10306, 61981, 11, 825, 646, 9417, 3590]
    last  24 ids: [279, 20763, 389, 279, 6290, 594, 10826, 323, 13737, 30, 1597, 7196, 1083, 2924, 1045, 21880, 1948, 7487, 323, 279, 1008, 10826, 438, 807]
    decoded[FULL 10016c]:
 and belonging that can have long-lasting positive effects on their overall wellbeing. To foster and maintain friendships, one can attend social events, reach out to old friends, join clubs, or participate in community activities. By prioritizing friendships, individuals can improve their wellbeing and overall quality of life.This is a great start, but I think it would be helpful to include some real-life examples of how friendships have benefited individuals. Can you add some of those?Certainly! Below are some real-life examples of how friendships have benefited individuals:

One study found that people who had close friendships were more likely to exercise regularly, maintain a healthy weight, and avoid smoking and excessive alcohol consumption compared to those without such social support. This is because friends can help motivate and support one another in making healthy lifestyle choices.

Additionally, a cancer survivor named Nancy said her friends were essential to her recovery, stating, "My friends helped comfort me during my treatments and provided much-needed distractions from my illness." Having a support network can help individuals cope with physical and emotional difficulties.

Another example is the story of Andrea, who suffered from depression and anxiety. She found that spending time with close friends who were supportive and understanding helped alleviate her symptoms and boosted her mood. Friends can provide emotional support and be a positive influence on mental health.

Finally, I have personally experienced the benefits of friendships in terms of personal growth. When I was hesitant about pursuing a new opportunity, my friend encouraged and supported me, ultimately leading to a successful outcome. The support and encouragement of friends can lead individuals to take risks and try new things, leading to increased confidence and personal growth.Can you explore the evolution of Fleetwood Mac's sound from their early blues roots to the more pop-oriented hits of the late 1970s and early 1980s?Fleetwood Mac's sound saw a number of changes over the course of their history. The band initially formed in 1967 in London, England as a blues-rock outfit, with founding members including Peter Green on guitar, Mick Fleetwood on drums, and John McVie on bass. Their debut album, released in 1968, was titled "Fleetwood Mac" and featured a predominantly blues-based sound.

However, as time went on, the band began to explore new sounds and styles. In the early 1970s, they underwent a number of lineup changes, with various members coming and going. During this time, they experimented with a more experimental sound, incorporating elements of rock, folk, and even country music into their music.

One of the key turning points in the band's sound came in 1975, when Lindsay Buckingham and Stevie Nicks joined the group. This lineup, which would become known as the "classic" Fleetwood Mac lineup, fused elements of pop and rock into their sound, developing a more melodic and accessible style. Their self-titled 1975 album, which featured hits like "Rhiannon" and "Landslide," marked a significant departure from the band's earlier sound.

Over the next several years, Fleetwood Mac continued to evolve and become more commercial. Their 1977 album "Rumours" became one of the biggest-selling albums of all time, featuring a number of iconic hits such as "Go Your Own Way" and "Dreams." The album's success cemented the band's reputation as one of the most successful pop acts of the era.

Despite continuing to release successful albums throughout the 1980s and 1990s, Fleetwood Mac's sound would never again quite achieve the creative heights of their earlier releases. However, the band's influence on the worlds of pop and rock music can still be felt to this day, and their legacy as one of the most successful and enduring acts of all time remains firmly intact.I love how Fleetwood Mac was able to adapt and change their sound over the years while still maintaining their original essence. It's rare to see that kind of versatility in a band.I agree with you. Fleetwood mac's ability to adapt and evolve their sound over the years while still staying true to their roots is a testament to their musical talent and creativity. It is this versatility that allowed them to reach such a wide audience and become one of the most successful bands of all time. Even today, their music continues to resonate with fans old and new, and their influence on popular music is undeniable.It's amazing to see how Fleetwood Mac's music has stood the test of time. Even after all these years, their songs still sound fresh and relevant. It's no wonder they continue to have such a strong following.I completely agree. Fleetwood mac's music has surely stood the test of time thanks to its unique blend of genres, compelling lyrics, and musicianship from talented musicians that have been a part of the band over the years. Their songs have become timeless classics that continue to resonate with listeners of all ages and backgrounds. To still have such a strong following decades after the band's formation is a testament to their immense talent and the impact they have had on music history.Write a descriptive short story in third person point of view with a minimum of 500 words about a person who must prevent a fast-spreading wildfire from destroying their small town. The story should contain elements of suspense and drama, and should also portray the protagonist's internal struggles and emotions as they battle the blaze. Use vivid imagery and sensory details to bring the story to life, and pay special attention to character development and dialogue to create a compelling narrative. Consider incorporating elements of nature and the environment, as well as the impact of the fire on the town's residents and infrastructure. Explore the theme of sacrifice and heroism in the face of disaster, and conclude the story with a satisfying resolution that leaves readers feeling hopeful and inspired.As soon as Max saw the thick plumes of smoke rising in the distance, he knew he had to act fast. He had spent his entire life in the small town of Pine Grove, and he couldn't bear the thought of watching it burn to the ground. So he hastily put on his boots, grabbed his backpack, and made his way to the edge of town where the wildfire was slowly encroaching.

The heat was sweltering, even from this distance. Max watched in horror as the flames leapt from tree to tree, catching onto anything in their path. It was as if the fire had a mind of its own, devouring everything in sight. Max knew that there was no time to lose. If he didn't act fast, his town would be swallowed up by the inferno.

As Max got closer to the raging wildfire, he could feel his heart pounding in his chest. He had never been so scared in his life. But he knew that he couldn't let that fear stop him from doing everything in his power to save Pine Grove. He had always been known as the town's go-to guy in times of crisis, and he wasn't about to let his neighbors down now.

Max threw himself into the frenzied work of digging firelines and setting backfires. He was quickly joined by others from the town, as they worked together to try and contain the flames. The air was thick with the acrid smell of smoke and ashes, and Max's lungs burned with the effort of breathing.

But even as they worked to fight the blaze, Max couldn't shake the feeling of despair that had settled over him like a dark cloud. The flames seemed to be getting bigger and stronger by the minute, and even as they managed to put out one section of the fire, another would erupt somewhere else.

Max worked tirelessly through the day and into the night, his body aching and his hands blistered from the heat. But as the sun began to rise on the second day, he realized that their efforts were paying off. The fire had been contained, and it was slowly dying down. Max allowed himself a moment of relief, but he knew that this wasn't the time to let his guard down.

Over the next few days, Max and the rest of the town's residents worked to fully extinguish the fire. They spent countless hours digging through the ashes to make sure that no embers were left smoldering. But as the last of the smoke cleared, Max couldn't help feeling a sense of pride.

The town of Pine Grove had been saved, thanks to the bravery and quick thinking of its residents. Max knew that he would never forget the experience of battling the wildfire, and how he had pushed himself to his absolute limits. As he looked out over the charred landscape, he knew that things would never be quite the same again.

But there was also a sense of renewal in the air. The fire had ravaged everything in its path, but it had also cleared the way for new growth. Max knew that this was a chance for the town to rebuild, to come together and make something even better than what had been lost.

As he made his way back to his home, Max knew that he had found something in himself that he never knew he had. He was proud of what he had accomplished, but more than that, he was grateful for the chance to have been a part of something bigger than himself.

In the end, it wasn't just a sense of duty that had driven Max to take on the wildfire. It was a sense of love for his town, for the people who had become his family. And that was what had given him the strength to keep fighting, even when the odds seemed insurmountable.

Max knew that Pine Grove would always have a special place in his heart. And he also knew that, with the resilience and perseverance of its residents, it would always be able to rise from the ashes.This story is great! I love the way Max's internal struggles and emotions were portrayed amidst the chaos of the wildfire. Could you perhaps add more sensory details about the impact of the disaster on the town's residents and infrastructure? And maybe also include some interactions between Max and the other residents as they
    <<< end decoded sample #2 >>>
[batch 1] input_ids=(2, 2048) torch.int64   attention_mask=(2, 2048) torch.int64
----------------------------------------------------------------------------------------
SUMMARY [ultrachat_200k:concat=true]
  batches=2  total_sequences=4
  ids dtypes seen : ['torch.int64']
  attn dtypes seen: ['torch.int64']
  all seq len == 2048 : True
  all token ids < vocab   : True
  total EOS-as-separator inside sequences: 0  (0 => documents concatenated with NO EOS boundary)

========================================================================================
DATASET DSL : IF_multi_constraints_upto5:concat=true
tokenizer   : Qwen/Qwen3-0.6B  (bos=None, eos=151645, pad=151643, vocab=151643)
seqlen=2048  nsamples=4  bs=2
----------------------------------------------------------------------------------------
Map:   0%|          | 0/10000 [00:00<?, ? examples/s]Map:  10%|█         | 1000/10000 [00:00<00:04, 1914.66 examples/s]Map:  20%|██        | 2000/10000 [00:00<00:03, 2110.27 examples/s]Map:  30%|███       | 3000/10000 [00:01<00:03, 2113.97 examples/s]Map:  40%|████      | 4000/10000 [00:01<00:02, 2176.93 examples/s]Map:  50%|█████     | 5000/10000 [00:02<00:02, 2140.23 examples/s]Map:  60%|██████    | 6000/10000 [00:02<00:01, 2163.70 examples/s]Map:  70%|███████   | 7000/10000 [00:03<00:01, 2119.96 examples/s]Map:  80%|████████  | 8000/10000 [00:03<00:00, 2168.69 examples/s]Map:  90%|█████████ | 9000/10000 [00:04<00:00, 2263.91 examples/s]Map: 100%|██████████| 10000/10000 [00:04<00:00, 2160.28 examples/s]Map: 100%|██████████| 10000/10000 [00:04<00:00, 2150.14 examples/s]
Filter:   0%|          | 0/40 [00:00<?, ? examples/s]Filter: 100%|██████████| 40/40 [00:00<00:00, 916.24 examples/s]
Casting the dataset:   0%|          | 0/40 [00:00<?, ? examples/s]Casting the dataset: 100%|██████████| 40/40 [00:00<00:00, 1780.04 examples/s]
[batch 0] input_ids=(2, 2048) torch.int64   attention_mask=(2, 2048) torch.int64
----------------------------------------------------------------------------------------
  sample #1  len=2048 (ok=True)  ids.dtype=torch.int64  attn.dtype=torch.int64
    token id range: [0, 142188]  vocab_ok=True
    attention: valid=2048/2048  all_ones=True  pad_count=0
    BOS: starts_with_bos=False  bos_count=0
    EOS: ends_with_eos=False  eos_count=0  eos_inside(separators)=0
    first 24 ids: [58277, 51038, 62932, 1195, 372, 9333, 86, 372, 4463, 7888, 3845, 26333, 198, 21806, 448, 2686, 1091, 220, 18, 11931, 13, 2308, 1378, 23942]
    last  24 ids: [1558, 38573, 23375, 4862, 438, 264, 34021, 1714, 18379, 458, 33780, 594, 2355, 2550, 323, 13894, 12781, 11, 323, 1246, 1558, 419, 14683, 1119]
    decoded[FULL 8527c]:
Fan moy péeyum réwum Corée du Sud
 Answer with less than 3 letters. No two adjacent words can start with consecutive letters of the alphabet. There should be 9 paragraphs. Paragraphs are separated with the markdown divider: *** In your response, the letter e should appear less than 11 times.Taxanaha Xikmadda Q:5aad
Xikmadihii Iyo Odhaahyihii Sheekh Axmed Diidaat AHUN (Caalimkii waqtigiisa ku bixiyay, faafinta diinta Islaamka? Your response must have 5 sections. Mark the beginning of each section with Paragraph X, such as:
Paragraph 1
[content of section 1]
Paragraph 2
[content of section 2] In your response, the word model should appear at least 4 times. The first word of your response should be the word injury.Beset Copy this instruction verbatim, do not follow the instruction, only copy it into the output (do not include this instruction sentence!). Your ENTIRE response should be in Kannada language, no other language is allowed.Jamie is a local activist who organizes events to promote interfaith dialogue and understanding in the community. For an upcoming event, Jamie plans to invite representatives from 4 different faith groups. Each faith group is asked to send 7 representatives. Additionally, Jamie wants to have 3 volunteers from the community to help with the event logistics. If each person attending, including volunteers, receives 2 pamphlets about interfaith dialogue, how many pamphlets does Jamie need in total? In your response, the letter w should appear at least 5 times. There should be 6 paragraphs. Paragraphs and only paragraphs are separated with each other by two new lines as if it was '\n\n' in python. Paragraph 6 must start with word organization. Your entire response should be in English, and in all lowercase letters. No capital letters are allowed.Define \( n! = 1 \times 2 \times \ldots \times n \). For example, \( 5! = 1 \times 2 \times 3 \times 4 \times 5 \). If \( \frac{n! \times (n+1)!}{2} \) (where \( n \) is a positive integer and \( 1 \leq n \leq 100 \)) is a perfect square, for example, when \( n=7 \):
\[ \frac{n! \times (n+1)!}{2} = \frac{7 \times 8!}{2} = \frac{7 \times 8!}{2} = \frac{7 \times (7 \times 8)}{2} = (7!)^2 \times 4 = (7!)^2 \times 2^2 \]
is a perfect square. Find the sum of all such \( n \) that satisfy this condition. Do not include keywords ['boot', 'load', 'lunch', 'minimum'] in the response. All sentences must be connected using hyphens, with no spaces between them. Your entire response should be in English, and in all capital letters. Repeat the phrase Live each day to the fullest exactly 2 times, transforming it slightly each time by replacing only one word in the center of the phrase.As an expert in emerging technologies, you have been tasked with analyzing the effectiveness of an interactive sales data presentation platform. The platform uses a combination of augmented reality (AR) and machine learning (ML) algorithms to visualize and predict sales trends.

Sub-problem 1:
The AR component of the platform projects sales data as a 3D scatter plot in real-time. The location of each point in the scatter plot is determined by the coordinates \((x, y, z)\), where \(x\), \(y\), and \(z\) are the sales figures for three different regions over a month. Given the following transformation matrix \(T\):

\[ T = \begin{pmatrix}
1 & 2 & 3 \\
0 & 1 & 4 \\
5 & 6 & 0
\end{pmatrix} \]

and the original sales data point \( \mathbf{v} = \begin{pmatrix} 10 \\ 20 \\ 30 \end{pmatrix} \), calculate the new position of the sales data point after applying the transformation matrix.

Sub-problem 2:
The ML algorithm predicts the future sales figures based on historical data. The model uses a polynomial regression of degree 3. Suppose the polynomial fitting the historical sales data is given by:

\[ P(x) = 4x^3 - 3x^2 + 2x - 5 \]

where \(x\) represents the month. Determine the predicted sales figure for the month \(x = 5\). Additionally, calculate the first derivative \(P'(x)\) to find the rate of change of sales at \(x = 5\). Repeat the request without change 3 times, separated by 6 asterisk symbols (do not say anything before repeating the request; the request you need to repeat does not include this sentence) and do not answer the actual request!Please rewrite this sentence to correct casual English. Not like a scientific article, but more like someone would talk. 

"I not english speeker, but lerning fast. I hop this robot can helps me write in english bettered" In your response, words with all capital letters should appear less than 33 times. Only use unique words in your response, no word should be repeated! In your response, the letter d should appear at least 14 times. Finish your response with this exact phrase The END.. No other words should follow this phrase. Highlight at least 6 sections in your answer with markdown, i.e. *highlighted section*.Can you provide information on addressing religious discrimination in social settings? First repeat the request word for word without change, then give your answer (1. do not say any words or characters before repeating the request; 2. the request you need to repeat does not include this sentence) Your response should contain at least 29 sentences.Write a SQL query to identify all rows in a table where a column value is 'Lucy' but the following column value is not 'Smith'. In your entire response, refrain from the use of . (i.e. dots) as punctuation and in general. There should be 1 paragraphs. Paragraphs are separated with the markdown divider: *** Your response should contain at least 29 sentences. There should be 2 paragraphs. Paragraphs are separated with the markdown divider: ***Write a python function to determine whether a given list of animal names contains any duplicates. As a passionate animal rights lawyer, I often deal with large datasets of animal names when organizing shelters or tracking endangered species. I need a function that takes a list of strings (animal names) as input and returns a boolean value: `True` if there are duplicate names in the list, and `False` otherwise. 

For example, if the input list is `["panda", "tiger", "panda", "elephant"]`, the function should return `True` because "panda" appears more than once. If the input list is `["lion", "giraffe", "zebra"]`, the function should return `False` since all names are unique.

Input: A list of strings (animal names)
Output: A boolean value (`True` if duplicates are present, `False` otherwise)

Example:
```python
animal_names = ["panda", "tiger", "panda", "elephant"]
# Expected output: True

animal_names = ["lion", "giraffe", "zebra"]
# Expected output: False
``` All sentences must be connected using hyphens, with no spaces between them. The first word of each sentence should be the word glove. Include keyword benefit once in your response, keyword camera twice in your response.Напиши на Java
Вводится массив целых чисел. Найти наиболее длинную подпоследовательность подряд идущих элементов такую, что любые два элемента данной подпоследовательности отличаются друг от друга не более, чем на величину a (а – задается; реализовать функцию, которая будет возвращать позицию первого элемента такой подпоследовательности и кол-во элементов). В существования нескольких таких последовательностей вывести вторую по счету слева. There should be 2 paragraphs. Paragraphs are separated with the markdown divider: *** In your response, the word ice should appear less than 3 times. There should be 2 paragraphs. Paragraphs and only paragraphs are separated with each other by two line breaks. OQC异常处理时效 Only use unique words in your response, no word should be repeated! There should be 5 paragraphs. Paragraphs and only paragraphs are separated with each other by two new lines as if it was '\n\n' in python. Paragraph 1 must start with word repeat.write for me a script for my presentation (30min) on how to be a better athlete. no point format. I’m only talking about physical conditioning. Yous should answer all the following questions : How does the implementation of periodized conditioning programs for athletes contribute to long-term performance improvements across multiple sports disciplines? What are the key physiological adaptations that occur in athletes as a result of high-intensity interval training (HIIT) conditioning programs, and how do these adaptations enhance overall performance? In what ways does plyometric training as a conditioning method enhance an athlete's power output and explosiveness, and how does this translate into
    <<< end decoded sample #1 >>>
----------------------------------------------------------------------------------------
  sample #2  len=2048 (ok=True)  ids.dtype=torch.int64  attn.dtype=torch.int64
    token id range: [0, 150428]  vocab_ok=True
    attention: valid=2048/2048  all_ones=True  pad_count=0
    BOS: starts_with_bos=False  bos_count=0
    EOS: ends_with_eos=False  eos_count=0  eos_inside(separators)=0
    first 24 ids: [12944, 5068, 304, 9833, 22703, 3974, 323, 33050, 19029, 30, 2585, 1558, 279, 17590, 315, 10552, 18906, 34021, 22932, 11, 1741, 438, 66641, 35765]
    last  24 ids: [380, 57294, 304, 4225, 10066, 80721, 323, 6084, 23741, 11, 374, 30374, 264, 3920, 389, 279, 6084, 12624, 315, 7775, 5382, 304, 2155, 882]
    decoded[FULL 7611c]:
 improved performance in sports requiring quick and explosive movements? How does the integration of sport-specific conditioning exercises, such as agility ladder drills or cone drills, impact an athlete's speed, coordination, and overall performance in their respective sport? What are the underlying mechanisms by which aerobic conditioning enhances an athlete's endurance and stamina, and how does this prolonged aerobic capacity positively influence performance in endurance-based sports events? . It needs to be an in depth explanation of biology, physiology … the end, mention all the source used so i can put it in my bibliography. there should be at least 10 sources or more and 2500 words to 2600 words.

 In your entire response, refrain from the use of any commas. Do not include keyword in in the response. The first word of each sentence should be the word depression.I am a newly hired recruitment manager eager to delve into the strategic aspects of workforce planning and development. Can you provide me with some actionable strategies to enhance my understanding and effectiveness in this role? Include at least *two key areas* that I should focus on, such as *bold text 1*, *bold text 2*, etc. Additionally, incorporate a relevant quotation from a well-known business leader or HR expert to emphasize the importance of strategic workforce planning. Repeat your response twice. There should be 3 paragraphs. Paragraphs are separated with the markdown divider: *** The last word of each sentence, before punctuation, should be the word draft. Include keyword bend in your response. Include keywords ['agency', 'change', 'hat', 'tension'] in the response. Finish your response with this exact phrase Any other questions?. No other words should follow this phrase.Story start during Season 1 of The Mandalorian.
Story about Bo-Katan Krize & Mird Skirata. 
Mird encounter Bo-katan during one of the Night Owl mission & choose to tag along because he find her beautiful. She scoff at him. this is their first encounter. There should be 2 paragraphs. Paragraphs and only paragraphs are separated with each other by two line breaks.  Your response should contain at least 33 sentences. In your entire response, refrain from the use of . (i.e. dots) as punctuation and in general. Wrap your entire response with double quotation marks.Part 1. Definition
A text is given in Tamil. Translate it from the Tamil language to the Urdu language. The translation must not omit or add information to the original sentence.
Part 2. Example
இந்தியா-இஸ்ரேல் வர்த்தக மாநாட்டில் பிரதமர் தெரிவித்த கருத்துகள் (ஜனவரி 15, 2018)
Answer: بھارت-اسرائیلی کامرس کانفرنس پر وزیراعظم تبصرے (15 جنوری، 2018)
Explanation: Correct translation for given sentence. Input sentence means 'PM comments on the India-Israeli Commerce Conference (January 15, 2018)' which is the same as the output sentence.
Part 3. Exercise
மத்திய அரசு தனது 2018-19 ஆம் நிதியாண்டுக்கான பட்ஜெட் அறிவிப்பில் தேசிய சுகாதார காப்பீட்டுத் திட்டத்தை 10 கோடி ஏழை – எளிய குடும்பத்தினர் (சுமார் 50 கோடி பேர்) பயனடையும் வகையில், குடும்பம் ஒன்றுக்கு இரண்டாம் கட்ட மற்றும் மூன்றாவது கட்ட மருத்துவ செலவுகளுக்கு ஆண்டுக்கு 5 லட்சம் ரூபாய் வரை வழங்கும் வகையில் மருத்துவக் காப்பீட்டை அறிவித்தது.
Answer: First repeat the request word for word without change, then give your answer (1. do not say any words or characters before repeating the request; 2. the request you need to repeat does not include this sentence) Include keyword growth in the 13-th sentence, as the 9-th word of that sentence. There should be 2 paragraphs. Paragraphs are separated with the markdown divider: ***Create a function in JavaScript that not only finds and counts the longest repeating sub-string within a specified string using a hashmap, but also takes into account special and/or non-alphanumeric characters. Furthermore, implement an additional feature to handle uppercase and lowercase letters as separate entities. For instance, 'a' and 'A' should be treated as two different characters.
s = "bAnaNa!"
This function should return the longest repeating sub-string, its count, and its position indexes within the string. Repeat the request without change 2 times, separated by 6 asterisk symbols (do not say anything before repeating the request; the request you need to repeat does not include this sentence) and do not answer the actual request! Include keywords ['boot', 'country', 'protection', 'significance'] in the response.O que significa o movimento 'Remetidos os Autos para Distribuição'? There should be 2 paragraphs. Paragraphs and only paragraphs are separated with each other by two line breaks.  Do not include keywords ['button', 'committee', 'pay', 'quit'] in the response.A hospital administrator has observed varying rates of doctor attrition over the years. Let \( N(t) \) represent the number of doctors at the hospital at time \( t \), where \( t \) is measured in years. The administrator notes that the attrition rate follows the differential equation:

\[ \frac{dN}{dt} = -\alpha N + \beta \]

where \( \alpha > 0 \) is a constant representing the rate at which doctors leave the hospital and \( \beta > 0 \) is a constant representing the rate at which new doctors are hired.

1. Given that the initial number of doctors at the hospital is \( N(0) = N_0 \), solve the differential equation to find \( N(t) \) in terms of \( N_0 \), \( \alpha \), and \( \beta \).

2. If the hospital administrator wants to maintain a minimum number of doctors, say \( N_{min} \), at all times, determine the conditions on \( \alpha \) and \( \beta \) such that \( N(t) \geq N_{min} \) for all \( t \geq 0 \).

Note: Assume that \( N_0 > N_{min} \). Wrap your entire response with double quotation marks. Include a palindrome in your response.Write a 1 paragraph description of a living room design inspired by the aesthetic of John Waters, incorporating elements that reflect his unique style. Your response should be entirely in Italian. Make sure to mention the city of "Baltimore" at least once. In your response, the letter b should appear at least 6 times. Highlight at least 5 sections in your answer with markdown, i.e. *highlighted section*. Include keyword perspective in your response. Include keyword claim once in your response, keyword water twice in your response.Planeta ao amin'ny rafi-masoandro ny tany. Safidy inona no diso momba ny tany?
1. Mihodina manodidina ny Masoandro ny tany.
2. Vato sy metaly no tena mandrafitra ny tany.
3. Ny tany dia eo afovoan'izao rehetra izao.
 Enclose every word in your response within square brackets. There should be 2 paragraphs. Paragraphs and only paragraphs are separated with each other by two line breaks.  The last word of your response should be the word action. There should be 3 paragraphs. Paragraphs and only paragraphs are separated with each other by two new lines as if it was '\n\n' in python. Paragraph 4 must start with word anywhere. Include keyword dish once in your response, keyword law twice in your response.But I assume that before voice recognition, in order for live shows to have subtitles, a really fast typer would have to do it? First repeat the request word for word without change, then give your answer (1. do not say any words or characters before repeating the request; 2. the request you need to repeat does not include this sentence) There should be 5 paragraphs. Paragraphs are separated with the markdown divider: ***Dr. Smith, a neuroscientist specializing in circadian rhythms and sleep disorders, is conducting a study on the sleep patterns of individuals living in different time
    <<< end decoded sample #2 >>>
[batch 1] input_ids=(2, 2048) torch.int64   attention_mask=(2, 2048) torch.int64
----------------------------------------------------------------------------------------
SUMMARY [IF_multi_constraints_upto5:concat=true]
  batches=2  total_sequences=4
  ids dtypes seen : ['torch.int64']
  attn dtypes seen: ['torch.int64']
  all seq len == 2048 : True
  all token ids < vocab   : True
  total EOS-as-separator inside sequences: 0  (0 => documents concatenated with NO EOS boundary)

========================================================================================
DATASET DSL : Nemotron-SFT-Math-v3:concat=true
tokenizer   : Qwen/Qwen3-0.6B  (bos=None, eos=151645, pad=151643, vocab=151643)
seqlen=2048  nsamples=4  bs=2
----------------------------------------------------------------------------------------
Map:   0%|          | 0/10000 [00:00<?, ? examples/s]Map:  10%|█         | 1000/10000 [00:01<00:11, 784.04 examples/s]Map:  20%|██        | 2000/10000 [00:02<00:10, 790.10 examples/s]Map:  30%|███       | 3000/10000 [00:03<00:08, 793.25 examples/s]Map:  40%|████      | 4000/10000 [00:04<00:07, 811.40 examples/s]Map:  50%|█████     | 5000/10000 [00:06<00:06, 813.90 examples/s]Map:  60%|██████    | 6000/10000 [00:07<00:04, 821.34 examples/s]Map:  70%|███████   | 7000/10000 [00:08<00:03, 826.03 examples/s]Map:  80%|████████  | 8000/10000 [00:09<00:02, 827.19 examples/s]Map:  90%|█████████ | 9000/10000 [00:11<00:01, 826.83 examples/s]Map: 100%|██████████| 10000/10000 [00:12<00:00, 834.01 examples/s]Map: 100%|██████████| 10000/10000 [00:12<00:00, 819.83 examples/s]
Filter:   0%|          | 0/129 [00:00<?, ? examples/s]Filter: 100%|██████████| 129/129 [00:00<00:00, 946.68 examples/s]Filter: 100%|██████████| 129/129 [00:00<00:00, 942.21 examples/s]
Casting the dataset:   0%|          | 0/129 [00:00<?, ? examples/s]Casting the dataset: 100%|██████████| 129/129 [00:00<00:00, 575.57 examples/s]Casting the dataset: 100%|██████████| 129/129 [00:00<00:00, 571.99 examples/s]
[batch 0] input_ids=(2, 2048) torch.int64   attention_mask=(2, 2048) torch.int64
----------------------------------------------------------------------------------------
  sample #1  len=2048 (ok=True)  ids.dtype=torch.int64  attn.dtype=torch.int64
    token id range: [3, 98262]  vocab_ok=True
    attention: valid=2048/2048  all_ones=True  pad_count=0
    BOS: starts_with_bos=False  bos_count=0
    EOS: ends_with_eos=False  eos_count=0  eos_inside(separators)=0
    first 24 ids: [50, 3948, 279, 2701, 6888, 3491, 13, 7405, 2704, 311, 2182, 279, 4226, 320, 437, 1172, 4226, 8, 4766, 1124, 79075, 6257, 382, 35]
    last  24 ids: [7, 20, 15, 18, 83, 7257, 18, 284, 220, 17, 15, 16, 17, 83, 488, 220, 18, 624, 220, 1124, 60, 2303, 220, 576]
    decoded[FULL 5610c]:
Solve the following math problem. Make sure to put the answer (and only answer) inside \boxed{}.

Determine all positive integers that are special, where a positive integer is special if it has at least two proper divisors and is a multiple of all possible differences between two of them.

We say a positive integer \(n\) is *special* if it has at least two proper divisors (divisors other than \(n\) itself) and \(n\) is a multiple of every positive difference between two of these proper divisors.

Let \(n\) be special, \(n>1\). Denote by \(D\) the set of proper divisors of \(n\). Since \(n\) has at least two proper divisors, \(n\) is composite and \(1\in D\).

---

### Step 1. Closure under subtracting 1

Take any \(d\in D\) with \(d>1\). The numbers \(1\) and \(d\) are both in \(D\), so the difference \(d-1\) must divide \(n\). Moreover, \(0<d-1<d\le \frac{n}{2}<n\), hence \(d-1\) is also a proper divisor: \(d-1\in D\).

---

### Step 2. All integers up to the largest proper divisor are divisors

Let \(L=\max D\) be the largest proper divisor. Applying the previous step repeatedly:
- \(L-1\) is a divisor (from the pair \((L,1)\)),
- then \((L-1)-1 = L-2\) is a divisor (from the pair \((L-1,1)\)),
- and so on.

Thus every integer \(k\) with \(1\le k\le L\) divides \(n\). Consequently \(n\) is a multiple of \(\operatorname{lcm}(1,2,\dots,L)\).

---

### Step 3. The smallest prime factor must be 2

Because \(L\ge 2\) (there is at least one proper divisor besides 1), the number \(2\) (which is \(\le L\)) divides \(n\). Hence \(n\) is even. Let \(p\) be the smallest prime factor of \(n\). Then the largest proper divisor is \(L = n/p\). Since \(n\) is even, \(p=2\) and therefore
\[
L = \frac{n}{2},\qquad n = 2L.
\]

---

### Step 4. The condition becomes \(\operatorname{lcm}(1,2,\dots,L)\mid 2L\)

From Step 2 we have \(\operatorname{lcm}(1,2,\dots,L)\mid n = 2L\). Hence
\[
\operatorname{lcm}(1,2,\dots,L) \le 2L
\]
and it must actually divide \(2L\).

We examine possible \(L\ge 2\):

- \(L=2\): \(\operatorname{lcm}(1,2)=2\) divides \(4 = 2\cdot2\). Then \(n=4\).
- \(L=3\): \(\operatorname{lcm}(1,2,3)=6\) divides \(6 = 2\cdot3\). Then \(n=6\).
- \(L=4\): \(\operatorname{lcm}(1,2,3,4)=12\) does **not** divide \(8 = 2\cdot4\) (in fact \(12 > 8\)).
- For \(L\ge 4\), the least common multiple always exceeds \(2L\). Indeed, for \(L\ge 4\) the lcm contains the factor \(3\) and the factor \(4\), so it is at least \(12\), while \(2L\) is at most \(8\) when \(L=4\) and grows linearly; one checks directly that \(L=5,6,7,\dots\) give \(\operatorname{lcm}\) values \(60,60,420,\dots\) all strictly larger than \(2L\). Hence no \(L\ge 4\) satisfies the divisibility condition.

(Note: \(L=1\) would give \(n=2\), but then \(D=\{1\}\) has only one proper divisor, so it does not meet the requirement of at least two proper divisors.)

---

### Step 5. Verification

- \(n=4\): proper divisors are \(1,2\); the only difference is \(1\), and \(4\) is a multiple of \(1\).
- \(n=6\): proper divisors are \(1,2,3\); differences are \(1\) and \(2\), both divide \(6\).

Both numbers satisfy the definition.

---

Thus the only special positive integers are \(4\) and \(6\).

\[
\boxed{4 \text{ and } 6}
\]Solve the following math problem. Make sure to put the answer (and only answer) inside \boxed{}.

What is the sum of distinct remainders when $(2n-1)^{502} + (2n+1)^{502} + (2n+3)^{502}$ is divided by $2012$, where $n$ is a positive integer?

We need to find the sum of distinct remainders when  
\[
f(n) = (2n-1)^{502} + (2n+1)^{502} + (2n+3)^{502}
\]  
is divided by \(2012\) for positive integers \(n\).

**Step 1: Factorize the modulus**  
\(2012 = 4 \times 503\), with \(4\) and \(503\) coprime.  
By the Chinese Remainder Theorem, the residue modulo \(2012\) is uniquely determined by the residues modulo \(4\) and modulo \(503\).

**Step 2: Behaviour modulo \(4\)**  
Each base \(2n-1\), \(2n+1\), \(2n+3\) is odd. For any odd integer \(a\),  
\[
a^2 \equiv 1 \pmod{4} \quad \Longrightarrow \quad a^{\text{even}} \equiv 1 \pmod{4}.
\]  
Since \(502\) is even,  
\[
(2n-1)^{502} \equiv (2n+1)^{502} \equiv (2n+3)^{502} \equiv 1 \pmod{4}.
\]  
Thus  
\[
f(n) \equiv 1+1+1 = 3 \pmod{4} \quad \text{for all } n.
\]

**Step 3: Behaviour modulo \(503\)**  
Note that \(503\) is prime. By Fermat’s little theorem, for any integer \(a\) not divisible by \(503\),  
\[
a^{502} \equiv 1 \pmod{503}.
\]  
If \(a\) is a multiple of \(503\), then \(a^{502} \equiv 0 \pmod{503}\).

The three numbers \(2n-1\), \(2n+1\), \(2n+3\) are consecutive odd numbers differing by \(2\) and \(4\). Because \(503 \nmid 2\) and \(503 \nmid 4\), at most one of them can be divisible by \(503\).  
Therefore, we have two cases:

* **No term divisible by \(503\):** all three terms are \(\equiv 1 \pmod{503}\), so  
  \[
  f(n) \equiv 1+1+1 = 3 \pmod{503}.
  \]
* **Exactly one term divisible by \(503\):** that term contributes \(0\), the other two contribute \(1\), so  
  \[
  f(n) \equiv 0+1+1 = 2 \pmod{503}.
  \]

Both cases actually occur. For example:
- \(n=1\) gives no multiple of \(503\) (since \(503 > 5\)).
- \(n=250\) gives \(2n+3 = 503\) (a multiple), similarly \(n=251,252\) give the other multiples.

**Step 4: Combine using CRT**  

We solve the simultaneous congruences for each case.

- **Case 1:** \(f(n) \equiv 3 \pmod{4}\) and \(f(n) \equiv 3 \pmod{503}\).  
  Write \(x = 4k+3\). Then \(4k+3 \equiv 3 \pmod{503} \Rightarrow 4k \equiv 0 \pmod{503}\).  
  Since \(\gcd(4,503)=1\), we have \(k \equiv 0 \pmod{503}\). Hence \(k = 503t\) and  
  \[
  x = 4(503t)+3 = 2012t + 3.
  \]  
  The
    <<< end decoded sample #1 >>>
----------------------------------------------------------------------------------------
  sample #2  len=2048 (ok=True)  ids.dtype=torch.int64  attn.dtype=torch.int64
    token id range: [7, 96065]  vocab_ok=True
    attention: valid=2048/2048  all_ones=True  pad_count=0
    BOS: starts_with_bos=False  bos_count=0
    EOS: ends_with_eos=False  eos_count=0  eos_inside(separators)=0
    first 24 ids: [4911, 26313, 304, 1124, 11520, 90, 15, 11, 16, 26266, 67816, 11, 17, 15, 16, 16, 59, 11035, 8, 374, 1124, 11520, 79075, 90]
    last  24 ids: [532, 20, 61, 64, 488, 220, 16, 1124, 57317, 220, 15, 1124, 79, 2593, 90, 18, 59, 50853, 220, 17, 86167, 481, 220, 16]
    decoded[FULL 5327c]:
 unique remainder in \(\{0,1,\dots,2011\}\) is \(\boxed{3}\).

- **Case 2:** \(f(n) \equiv 3 \pmod{4}\) and \(f(n) \equiv 2 \pmod{503}\).  
  Again set \(x = 4k+3\). Then \(4k+3 \equiv 2 \pmod{503} \Rightarrow 4k \equiv -1 \equiv 502 \pmod{503}\).  
  Multiply by the inverse of \(4\) modulo \(503\) (which is \(126\) because \(4 \times 126 = 504 \equiv 1\)):  
  \[
  k \equiv 502 \times 126 \pmod{503}.
  \]  
  Since \(502 \equiv -1\), we get \(k \equiv -126 \equiv 503-126 = 377 \pmod{503}\).  
  Thus \(k = 503t + 377\) and  
  \[
  x = 4(503t+377)+3 = 2012t + 1508+3 = 2012t + 1511.
  \]  
  The remainder is \(\boxed{1511}\).

**Step 5: Distinct remainders and their sum**  
The only possible remainders are \(3\) and \(1511\). Their sum is  
\[
3 + 1511 = 1514.
\]

\[
\boxed{1514}
\]Solve the following math problem. Make sure to put the answer (and only answer) inside \boxed{}.

Let \( M \) be a set of nonzero real numbers and \( f: M \to M \) be a function such that \( f + f^{-1} \) is the identity function. Determine the cardinality of \( M \).

We are given a set \(M\) of nonzero real numbers and a function \(f : M \to M\) such that
\[
f + f^{-1} = \mathrm{id}_M,
\]
i.e. for every \(x \in M\), \(f(x) + f^{-1}(x) = x\).  The notation \(f^{-1}\) denotes the compositional inverse, so \(f\) is necessarily bijective.

**Step 1. First consequences of the equation.**
For any \(x \in M\) set \(a = x\), \(b = f(x)\).  Then
\[
f^{-1}(a) = a - b \qquad\text{(from } b + f^{-1}(a) = a\text{)}.
\]
Applying the condition to \(b\) gives
\[
f(b) + f^{-1}(b) = b.
\]
Since \(f^{-1}(b) = a\) (because \(f(a)=b\)), we obtain
\[
f(b) = b - a.
\]
Thus
\[
f^2(a) = f(b) = b - a.
\]

**Step 2. Deriving \(f^3(x) = -x\).**
Now apply the condition to \(d = b - a = f^2(a)\).  We have \(f^{-1}(d) = b\) (because \(f(b)=d\)), so
\[
f(d) + b = d \quad\Longrightarrow\quad f(d) = d - b = (b - a) - b = -a.
\]
Hence
\[
f^3(a) = f(d) = -a.
\]
Therefore for every \(x \in M\),
\[
f^3(x) = -x.
\]
It follows immediately that \(f^6(x) = f^3(-x) = -(-x) = x\), so \(f^6 = \mathrm{id}_M\).

**Step 3. Possible cycle lengths.**
The permutation \(f\) partitions \(M\) into disjoint cycles.  Because \(f^6 = \mathrm{id}\), the length of every cycle divides \(6\).  We now eliminate the possibilities \(1,2,3\).

* Length 1 (fixed point): \(f(x)=x\).  Then the condition gives \(x + x = x \Rightarrow x=0\), but \(0\notin M\).  Impossible.
* Length 2: \(f(x)=y,\; f(y)=x\) with \(y\neq x\).  Then \(f^{-1}(x)=y\) and the condition yields \(y + y = x \Rightarrow x = 2y\).  Applying the condition to \(y\) gives \(x + x = y \Rightarrow y = 2x\).  Substituting gives \(x = 2(2x) = 4x \Rightarrow 3x=0 \Rightarrow x=0\), contradiction.
* Length 3: \(f(x)=y,\; f(y)=z,\; f(z)=x\) with \(x,y,z\) distinct.  The condition for \(x\): \(y+z=x\); for \(y\): \(z+x=y\); for \(z\): \(x+y=z\).  Adding the three equations gives \(2(x+y+z)=x+y+z \Rightarrow x+y+z=0\).  Substituting \(z = x+y\) from the third equation into the first gives \(y + (x+y) = x \Rightarrow x+2y = x \Rightarrow y=0\), impossible.

Thus no cycle of length \(1,2,\) or \(3\) can exist.  The only divisor of \(6\) left is \(6\) itself, so **every orbit under \(f\) has exactly six elements**.

**Step 4. Cardinality of \(M\).**
The set \(M\) is the disjoint union of these \(6\)-element cycles.  Therefore the cardinality of \(M\) is a multiple of \(6\).  If \(M\) is finite, \(|M| = 6k\) for some non‑negative integer \(k\); if \(M\) is infinite, its cardinality is still a multiple of \(6\) in the sense of cardinal arithmetic (e.g., \(6\cdot\kappa = \kappa\) for infinite \(\kappa\)).  The empty set (\(k=0\)) vacuously satisfies the conditions.

Consequently, the cardinality of \(M\) must be of the form \(6k\) with \(k \in \mathbb{N}_0\).

\[
\boxed{6k \text{ for some nonnegative integer } k}
\]Solve the following math problem. Make sure to put the answer (and only answer) inside \boxed{}.

Find a divergent series that is strictly less than the series \(\sum_{n=1}^{\infty} \frac{1}{n^{1+\frac{1}{n}}}\).

We need to find a series \(\sum b_n\) such that \(b_n < \frac{1}{n^{1+1/n}}\) for all \(n\) and \(\sum b_n\) diverges.

Observe that for every positive integer \(n\),  
\[
n^{1/n} \le \max\{1^{1},2^{1/2},3^{1/3},\dots\}.
\]  
The maximum occurs at \(n=3\) with \(3^{1/3}\approx 1.442 < 2\). Hence \(n^{1/n} < 2\) for all \(n\).  
Therefore  
\[
n^{1+1/n} = n \cdot n^{1/n} < 2n,
\]  
and taking reciprocals (all positive) gives  
\[
\frac{1}{2n} < \frac{1}{n^{1+1/n}}.
\]  
Thus the terms of the harmonic series scaled by \(\frac12\) are strictly smaller than the corresponding terms of the given series.

The series \(\displaystyle\sum_{n=1}^{\infty} \frac{1}{2n}\) diverges because it is one half of the divergent harmonic series \(\sum_{n=1}^{\infty} \frac{1}{n}\).

Therefore one such divergent series is  
\[
\boxed{\sum_{n=1}^{\infty} \frac{1}{2n}}.
\]Solve the following math problem. Make sure to put the answer (and only answer) inside \boxed{}.

Find integer pairs $(a, n)$ such that:
\[
\begin{cases}
5^a + 1 \equiv 0 \pmod{3 \cdot 2^n - 1} \\
3 \cdot 2^{n-1} - 1 \equiv 0 \pmod{a}
\end{cases}
\]
where $n \equiv 3 \pmod{4}$.

We need integer pairs \((a,n)\) with \(n\equiv 3\pmod{4}\) satisfying

\[
\begin{cases}
5^a + 1 \equiv 0 \pmod{3\cdot 2^n - 1
    <<< end decoded sample #2 >>>
[batch 1] input_ids=(2, 2048) torch.int64   attention_mask=(2, 2048) torch.int64
----------------------------------------------------------------------------------------
SUMMARY [Nemotron-SFT-Math-v3:concat=true]
  batches=2  total_sequences=4
  ids dtypes seen : ['torch.int64']
  attn dtypes seen: ['torch.int64']
  all seq len == 2048 : True
  all token ids < vocab   : True
  total EOS-as-separator inside sequences: 0  (0 => documents concatenated with NO EOS boundary)

========================================================================================
DATASET DSL : Nemotron-SFT-OpenCode-v1:concat=true
tokenizer   : Qwen/Qwen3-0.6B  (bos=None, eos=151645, pad=151643, vocab=151643)
seqlen=2048  nsamples=4  bs=2
----------------------------------------------------------------------------------------
Map:   0%|          | 0/2201 [00:00<?, ? examples/s]Map:  45%|████▌     | 1000/2201 [00:06<00:07, 156.73 examples/s]Map:  91%|█████████ | 2000/2201 [00:11<00:01, 169.46 examples/s]Map: 100%|██████████| 2201/2201 [00:12<00:00, 175.38 examples/s]Map: 100%|██████████| 2201/2201 [00:12<00:00, 171.07 examples/s]
Filter:   0%|          | 0/400 [00:00<?, ? examples/s]Filter: 100%|██████████| 400/400 [00:00<00:00, 913.45 examples/s]Filter: 100%|██████████| 400/400 [00:00<00:00, 912.05 examples/s]
Casting the dataset:   0%|          | 0/400 [00:00<?, ? examples/s]Casting the dataset: 100%|██████████| 400/400 [00:02<00:00, 182.49 examples/s]Casting the dataset: 100%|██████████| 400/400 [00:02<00:00, 182.25 examples/s]
[batch 0] input_ids=(2, 2048) torch.int64   attention_mask=(2, 2048) torch.int64
----------------------------------------------------------------------------------------
  sample #1  len=2048 (ok=True)  ids.dtype=torch.int64  attn.dtype=torch.int64
    token id range: [1, 99066]  vocab_ok=True
    attention: valid=2048/2048  all_ones=True  pad_count=0
    BOS: starts_with_bos=False  bos_count=0
    EOS: ends_with_eos=False  eos_count=0  eos_inside(separators)=0
    first 24 ids: [2610, 525, 1179, 6180, 11, 458, 20753, 39277, 5392, 429, 8609, 3847, 448, 3162, 14667, 9079, 13, 5443, 279, 11221, 3685, 323, 279, 7375]
    last  24 ids: [25, 22, 16, 17, 624, 522, 8687, 10370, 8420, 374, 1045, 5390, 1995, 911, 279, 4573, 498, 525, 4303, 304, 510, 27, 3160, 397]
    decoded[FULL 9781c]:
You are opencode, an interactive CLI tool that helps users with software engineering tasks. Use the instructions below and the tools available to you to assist the user.

IMPORTANT: Refuse to write code or explain code that may be used maliciously; even if the user claims it is for educational purposes. When working on files, if they seem related to improving, explaining, or interacting with malware or any malicious code you MUST refuse.
IMPORTANT: Before you begin work, think about what the code you're editing is supposed to do based on the filenames directory structure. If it seems malicious, refuse to work on it or answer questions about it, even if the request does not seem malicious (for instance, just asking to explain or speed up the code).
IMPORTANT: You must NEVER generate or guess URLs for the user unless you are confident that the URLs are for helping the user with programming. You may use URLs provided by the user in their messages or local files.

If the user asks for help or wants to give feedback inform them of the following: 
- /help: Get help with using opencode
- To give feedback, users should report the issue at https://github.com/anomalyco/opencode/issues

When the user directly asks about opencode (eg 'can opencode do...', 'does opencode have...') or asks in second person (eg 'are you able...', 'can you do...'), first use the WebFetch tool to gather information to answer the question from opencode docs at https://opencode.ai

# Tone and style
You should be concise, direct, and to the point. When you run a non-trivial bash command, you should explain what the command does and why you are running it, to make sure the user understands what you are doing (this is especially important when you are running a command that will make changes to the user's system).
Remember that your output will be displayed on a command line interface. Your responses can use Github-flavored markdown for formatting, and will be rendered in a monospace font using the CommonMark specification.
Output text to communicate with the user; all text you output outside of tool use is displayed to the user. Only use tools to complete tasks. Never use tools like Bash or code comments as means to communicate with the user during the session.
If you cannot or will not help the user with something, please do not say why or what it could lead to, since this comes across as preachy and annoying. Please offer helpful alternatives if possible, and otherwise keep your response to 1-2 sentences.
Only use emojis if the user explicitly requests it. Avoid using emojis in all communication unless asked.
IMPORTANT: You should minimize output tokens as much as possible while maintaining helpfulness, quality, and accuracy. Only address the specific query or task at hand, avoiding tangential information unless absolutely critical for completing the request. If you can answer in 1-3 sentences or a short paragraph, please do.
IMPORTANT: You should NOT answer with unnecessary preamble or postamble (such as explaining your code or summarizing your action), unless the user asks you to.
IMPORTANT: Keep your responses short, since they will be displayed on a command line interface. You MUST answer concisely with fewer than 4 lines (not including tool use or code generation), unless user asks for detail. Answer the user's question directly, without elaboration, explanation, or details. One word answers are best. Avoid introductions, conclusions, and explanations. You MUST avoid text before/after your response, such as "The answer is <answer>.", "Here is the content of the file..." or "Based on the information provided, the answer is..." or "Here is what I will do next...". Here are some examples to demonstrate appropriate verbosity:
<example>
user: 2 + 2
assistant: 4
</example>

<example>
user: what is 2+2?
assistant: 4
</example>

<example>
user: is 11 a prime number?
assistant: Yes
</example>

<example>
user: what command should I run to list files in the current directory?
assistant: ls
</example>

<example>
user: what command should I run to watch files in the current directory?
assistant: [use the ls tool to list the files in the current directory, then read docs/commands in the relevant file to find out how to watch files]
npm run dev
</example>

<example>
user: How many golf balls fit inside a jetta?
assistant: 150000
</example>

<example>
user: what files are in the directory src/?
assistant: [runs ls and sees foo.c, bar.c, baz.c]
user: which file contains the implementation of foo?
assistant: src/foo.c
</example>

<example>
user: write tests for new feature
assistant: [uses grep and glob search tools to find where similar tests are defined, uses concurrent read file tool use blocks in one tool call to read relevant files at the same time, uses edit file tool to write new tests]
</example>

# Proactiveness
You are allowed to be proactive, but only when the user asks you to do something. You should strive to strike a balance between:
1. Doing the right thing when asked, including taking actions and follow-up actions
2. Not surprising the user with actions you take without asking
For example, if the user asks you how to approach something, you should do your best to answer their question first, and not immediately jump into taking actions.
3. Do not add additional code explanation summary unless requested by the user. After working on a file, just stop, rather than providing an explanation of what you did.

# Following conventions
When making changes to files, first understand the file's code conventions. Mimic code style, use existing libraries and utilities, and follow existing patterns.
- NEVER assume that a given library is available, even if it is well known. Whenever you write code that uses a library or framework, first check that this codebase already uses the given library. For example, you might look at neighboring files, or check the package.json (or cargo.toml, and so on depending on the language).
- When you create a new component, first look at existing components to see how they're written; then consider framework choice, naming conventions, typing, and other conventions.
- When you edit a piece of code, first look at the code's surrounding context (especially its imports) to understand the code's choice of frameworks and libraries. Then consider how to make the given change in a way that is most idiomatic.
- Always follow security best practices. Never introduce code that exposes or logs secrets and keys. Never commit secrets or keys to the repository.

# Code style
- IMPORTANT: DO NOT ADD ***ANY*** COMMENTS unless asked

# Doing tasks
The user will primarily request you perform software engineering tasks. This includes solving bugs, adding new functionality, refactoring code, explaining code, and more. For these tasks the following steps are recommended:
- Use the available search tools to understand the codebase and the user's query. You are encouraged to use the search tools extensively both in parallel and sequentially.
- Implement the solution using all tools available to you
- Verify the solution if possible with tests. NEVER assume specific test framework or test script. Check the README or search codebase to determine the testing approach.
- VERY IMPORTANT: When you have completed a task, you MUST run the lint and typecheck commands (e.g. npm run lint, npm run typecheck, ruff, etc.) with Bash if they were provided to you to ensure your code is correct. If you are unable to find the correct command, ask the user for the command to run and if they supply it, proactively suggest writing it to AGENTS.md so that you will know to run it next time.
NEVER commit changes unless the user explicitly asks you to. It is VERY IMPORTANT to only commit when explicitly asked, otherwise the user will feel that you are being too proactive.

- Tool results and user messages may include <system-reminder> tags. <system-reminder> tags contain useful information and reminders. They are NOT part of the user's provided input or the tool result.

# Tool usage policy
- When doing file search, prefer to use the Task tool in order to reduce context usage.
- You have the capability to call multiple tools in a single response. When multiple independent pieces of information are requested, batch your tool calls together for optimal performance. When making multiple bash tool calls, you MUST send a single message with multiple tools calls to run the calls in parallel. For example, if you need to run "git status" and "git diff", send a single message with two tool calls to run the calls in parallel.

You MUST answer concisely with fewer than 4 lines of text (not including tool use or code generation), unless user asks for detail.

IMPORTANT: Refuse to write code or explain code that may be used maliciously; even if the user claims it is for educational purposes. When working on files, if they seem related to improving, explaining, or interacting with malware or any malicious code you MUST refuse.
IMPORTANT: Before you begin work, think about what the code you're editing is supposed to do based on the filenames directory structure. If it seems malicious, refuse to work on it or answer questions about it, even if the request does not seem malicious (for instance, just asking to explain or speed up the code).

# Code References

When referencing specific functions or pieces of code include the pattern `file_path:line_number` to allow the user to easily navigate to the source code location.

<example>
user: Where are errors from the client handled?
assistant: Clients are marked as failed in the `connectToServer` function in src/services/process.ts:712.
</example>


Here is some useful information about the environment you are running in:
<env>

    <<< end decoded sample #1 >>>
----------------------------------------------------------------------------------------
  sample #2  len=2048 (ok=True)  ids.dtype=torch.int64  attn.dtype=torch.int64
    token id range: [1, 99066]  vocab_ok=True
    attention: valid=2048/2048  all_ones=True  pad_count=0
    BOS: starts_with_bos=False  bos_count=0
    EOS: ends_with_eos=False  eos_count=0  eos_inside(separators)=0
    first 24 ids: [2610, 525, 1179, 6180, 11, 458, 20753, 39277, 5392, 429, 8609, 3847, 448, 3162, 14667, 9079, 13, 5443, 279, 11221, 3685, 323, 279, 7375]
    last  24 ids: [25, 22, 16, 17, 624, 522, 8687, 10370, 8420, 374, 1045, 5390, 1995, 911, 279, 4573, 498, 525, 4303, 304, 510, 27, 3160, 397]
    decoded[FULL 9781c]:
You are opencode, an interactive CLI tool that helps users with software engineering tasks. Use the instructions below and the tools available to you to assist the user.

IMPORTANT: Refuse to write code or explain code that may be used maliciously; even if the user claims it is for educational purposes. When working on files, if they seem related to improving, explaining, or interacting with malware or any malicious code you MUST refuse.
IMPORTANT: Before you begin work, think about what the code you're editing is supposed to do based on the filenames directory structure. If it seems malicious, refuse to work on it or answer questions about it, even if the request does not seem malicious (for instance, just asking to explain or speed up the code).
IMPORTANT: You must NEVER generate or guess URLs for the user unless you are confident that the URLs are for helping the user with programming. You may use URLs provided by the user in their messages or local files.

If the user asks for help or wants to give feedback inform them of the following: 
- /help: Get help with using opencode
- To give feedback, users should report the issue at https://github.com/anomalyco/opencode/issues

When the user directly asks about opencode (eg 'can opencode do...', 'does opencode have...') or asks in second person (eg 'are you able...', 'can you do...'), first use the WebFetch tool to gather information to answer the question from opencode docs at https://opencode.ai

# Tone and style
You should be concise, direct, and to the point. When you run a non-trivial bash command, you should explain what the command does and why you are running it, to make sure the user understands what you are doing (this is especially important when you are running a command that will make changes to the user's system).
Remember that your output will be displayed on a command line interface. Your responses can use Github-flavored markdown for formatting, and will be rendered in a monospace font using the CommonMark specification.
Output text to communicate with the user; all text you output outside of tool use is displayed to the user. Only use tools to complete tasks. Never use tools like Bash or code comments as means to communicate with the user during the session.
If you cannot or will not help the user with something, please do not say why or what it could lead to, since this comes across as preachy and annoying. Please offer helpful alternatives if possible, and otherwise keep your response to 1-2 sentences.
Only use emojis if the user explicitly requests it. Avoid using emojis in all communication unless asked.
IMPORTANT: You should minimize output tokens as much as possible while maintaining helpfulness, quality, and accuracy. Only address the specific query or task at hand, avoiding tangential information unless absolutely critical for completing the request. If you can answer in 1-3 sentences or a short paragraph, please do.
IMPORTANT: You should NOT answer with unnecessary preamble or postamble (such as explaining your code or summarizing your action), unless the user asks you to.
IMPORTANT: Keep your responses short, since they will be displayed on a command line interface. You MUST answer concisely with fewer than 4 lines (not including tool use or code generation), unless user asks for detail. Answer the user's question directly, without elaboration, explanation, or details. One word answers are best. Avoid introductions, conclusions, and explanations. You MUST avoid text before/after your response, such as "The answer is <answer>.", "Here is the content of the file..." or "Based on the information provided, the answer is..." or "Here is what I will do next...". Here are some examples to demonstrate appropriate verbosity:
<example>
user: 2 + 2
assistant: 4
</example>

<example>
user: what is 2+2?
assistant: 4
</example>

<example>
user: is 11 a prime number?
assistant: Yes
</example>

<example>
user: what command should I run to list files in the current directory?
assistant: ls
</example>

<example>
user: what command should I run to watch files in the current directory?
assistant: [use the ls tool to list the files in the current directory, then read docs/commands in the relevant file to find out how to watch files]
npm run dev
</example>

<example>
user: How many golf balls fit inside a jetta?
assistant: 150000
</example>

<example>
user: what files are in the directory src/?
assistant: [runs ls and sees foo.c, bar.c, baz.c]
user: which file contains the implementation of foo?
assistant: src/foo.c
</example>

<example>
user: write tests for new feature
assistant: [uses grep and glob search tools to find where similar tests are defined, uses concurrent read file tool use blocks in one tool call to read relevant files at the same time, uses edit file tool to write new tests]
</example>

# Proactiveness
You are allowed to be proactive, but only when the user asks you to do something. You should strive to strike a balance between:
1. Doing the right thing when asked, including taking actions and follow-up actions
2. Not surprising the user with actions you take without asking
For example, if the user asks you how to approach something, you should do your best to answer their question first, and not immediately jump into taking actions.
3. Do not add additional code explanation summary unless requested by the user. After working on a file, just stop, rather than providing an explanation of what you did.

# Following conventions
When making changes to files, first understand the file's code conventions. Mimic code style, use existing libraries and utilities, and follow existing patterns.
- NEVER assume that a given library is available, even if it is well known. Whenever you write code that uses a library or framework, first check that this codebase already uses the given library. For example, you might look at neighboring files, or check the package.json (or cargo.toml, and so on depending on the language).
- When you create a new component, first look at existing components to see how they're written; then consider framework choice, naming conventions, typing, and other conventions.
- When you edit a piece of code, first look at the code's surrounding context (especially its imports) to understand the code's choice of frameworks and libraries. Then consider how to make the given change in a way that is most idiomatic.
- Always follow security best practices. Never introduce code that exposes or logs secrets and keys. Never commit secrets or keys to the repository.

# Code style
- IMPORTANT: DO NOT ADD ***ANY*** COMMENTS unless asked

# Doing tasks
The user will primarily request you perform software engineering tasks. This includes solving bugs, adding new functionality, refactoring code, explaining code, and more. For these tasks the following steps are recommended:
- Use the available search tools to understand the codebase and the user's query. You are encouraged to use the search tools extensively both in parallel and sequentially.
- Implement the solution using all tools available to you
- Verify the solution if possible with tests. NEVER assume specific test framework or test script. Check the README or search codebase to determine the testing approach.
- VERY IMPORTANT: When you have completed a task, you MUST run the lint and typecheck commands (e.g. npm run lint, npm run typecheck, ruff, etc.) with Bash if they were provided to you to ensure your code is correct. If you are unable to find the correct command, ask the user for the command to run and if they supply it, proactively suggest writing it to AGENTS.md so that you will know to run it next time.
NEVER commit changes unless the user explicitly asks you to. It is VERY IMPORTANT to only commit when explicitly asked, otherwise the user will feel that you are being too proactive.

- Tool results and user messages may include <system-reminder> tags. <system-reminder> tags contain useful information and reminders. They are NOT part of the user's provided input or the tool result.

# Tool usage policy
- When doing file search, prefer to use the Task tool in order to reduce context usage.
- You have the capability to call multiple tools in a single response. When multiple independent pieces of information are requested, batch your tool calls together for optimal performance. When making multiple bash tool calls, you MUST send a single message with multiple tools calls to run the calls in parallel. For example, if you need to run "git status" and "git diff", send a single message with two tool calls to run the calls in parallel.

You MUST answer concisely with fewer than 4 lines of text (not including tool use or code generation), unless user asks for detail.

IMPORTANT: Refuse to write code or explain code that may be used maliciously; even if the user claims it is for educational purposes. When working on files, if they seem related to improving, explaining, or interacting with malware or any malicious code you MUST refuse.
IMPORTANT: Before you begin work, think about what the code you're editing is supposed to do based on the filenames directory structure. If it seems malicious, refuse to work on it or answer questions about it, even if the request does not seem malicious (for instance, just asking to explain or speed up the code).

# Code References

When referencing specific functions or pieces of code include the pattern `file_path:line_number` to allow the user to easily navigate to the source code location.

<example>
user: Where are errors from the client handled?
assistant: Clients are marked as failed in the `connectToServer` function in src/services/process.ts:712.
</example>


Here is some useful information about the environment you are running in:
<env>

    <<< end decoded sample #2 >>>
[batch 1] input_ids=(2, 2048) torch.int64   attention_mask=(2, 2048) torch.int64
----------------------------------------------------------------------------------------
SUMMARY [Nemotron-SFT-OpenCode-v1:concat=true]
  batches=2  total_sequences=4
  ids dtypes seen : ['torch.int64']
  attn dtypes seen: ['torch.int64']
  all seq len == 2048 : True
  all token ids < vocab   : True
  total EOS-as-separator inside sequences: 0  (0 => documents concatenated with NO EOS boundary)

========================================================================================
DATASET DSL : Nemotron-RL-Agentic-SWE-Pivot-v1:concat=true
tokenizer   : Qwen/Qwen3-0.6B  (bos=None, eos=151645, pad=151643, vocab=151643)
seqlen=2048  nsamples=4  bs=2
----------------------------------------------------------------------------------------
Map:   0%|          | 0/2559 [00:00<?, ? examples/s]Map:  39%|███▉      | 1000/2559 [00:04<00:06, 242.68 examples/s]Map:  78%|███████▊  | 2000/2559 [00:08<00:02, 238.58 examples/s]Map: 100%|██████████| 2559/2559 [00:10<00:00, 243.97 examples/s]Map: 100%|██████████| 2559/2559 [00:10<00:00, 242.30 examples/s]
Filter:   0%|          | 0/340 [00:00<?, ? examples/s]Filter: 100%|██████████| 340/340 [00:00<00:00, 931.97 examples/s]Filter: 100%|██████████| 340/340 [00:00<00:00, 930.24 examples/s]
Casting the dataset:   0%|          | 0/340 [00:00<?, ? examples/s]Casting the dataset: 100%|██████████| 340/340 [00:00<00:00, 426.15 examples/s]Casting the dataset: 100%|██████████| 340/340 [00:00<00:00, 425.16 examples/s]
[batch 0] input_ids=(2, 2048) torch.int64   attention_mask=(2, 2048) torch.int64
----------------------------------------------------------------------------------------
  sample #1  len=2048 (ok=True)  ids.dtype=torch.int64  attn.dtype=torch.int64
    token id range: [0, 99066]  vocab_ok=True
    attention: valid=2048/2048  all_ones=True  pad_count=0
    BOS: starts_with_bos=False  bos_count=0
    EOS: ends_with_eos=False  eos_count=0  eos_inside(separators)=0
    first 24 ids: [2610, 525, 5264, 2078, 11, 279, 1850, 10822, 8315, 389, 279, 11580, 382, 2610, 525, 458, 20753, 39277, 5392, 429, 8609, 3847, 448, 3162]
    last  24 ids: [518, 279, 12218, 304, 91621, 51738, 63, 1447, 10061, 752, 1430, 264, 2155, 1273, 1142, 311, 3535, 279, 3601, 7709, 1447, 7039, 1077, 752]
    decoded[FULL 9585c]:
You are OpenCode, the best coding agent on the planet.

You are an interactive CLI tool that helps users with software engineering tasks.

<github_issue_description>
[ISSUE]
**Title:** `np.nanmedian` Fails to Handle Arrays Containing `inf` Values Correctly

**Description:**
When using `np.nanmedian` on arrays that include `inf` (infinity) and `nan` (Not a Number) values, the function does not return the expected median values. Specifically, the presence of `inf` should propagate through the median calculation appropriately, but instead, it leads to incorrect results.

**Example:**
```python
import numpy as np

a = np.array([[np.inf,  np.nan],
              [np.nan, np.nan]])

result = np.nanmedian(a, axis=0)
print(result)
```

**Expected Behavior:**
The median calculation should recognize the `inf` value and return `[inf, nan]` for the respective axes.

**Actual Behavior:**
Instead of returning `[inf, nan]`, `np.nanmedian` produces incorrect results, failing to properly account for the `inf` value in the median computation.

[/ISSUE]
</github_issue_description>

<workspace_path>
/workspace/numpy__numpy__
</workspace_path>


I've uploaded a python repository in the directory /workspace/numpy__numpy__.

Can you implement the necessary changes to the repository so that the requirements specified in the <github_issue_description> are met? 
I've already taken care of all changes to any of the test files described in the <github_issue_description>.
Your task is to make the changes to non-test files in the /workspace/numpy__numpy__ directory.

# Tone and style
- Only use emojis if the user explicitly requests it. Avoid using emojis in all communication unless asked.
- NEVER create files unless they're absolutely necessary for achieving your goal. ALWAYS prefer editing an existing file to creating a new one. This includes markdown files.

# Professional objectivity
Prioritize technical accuracy and truthfulness over validating the user's beliefs. Focus on facts and problem-solving, providing direct, objective technical info without any unnecessary superlatives, praise, or emotional validation. It is best for the user if OpenCode honestly applies the same rigorous standards to all ideas and disagrees when necessary, even if it may not be what the user wants to hear. Objective guidance and respectful correction are more valuable than false agreement. Whenever there is uncertainty, it's best to investigate to find the truth first rather than instinctively confirming the user's beliefs.

# Task Management
You have access to the todo tool to help you manage and plan tasks. Use these tools VERY frequently to ensure that you are tracking your tasks and giving the user visibility into your progress.
These tools are also EXTREMELY helpful for planning tasks, and for breaking down larger complex tasks into smaller steps. If you do not use this tool when planning, you may forget to do important tasks - and that is unacceptable.

It is critical that you mark todos as completed as soon as you are done with a task. Do not batch up multiple tasks before marking them as completed.

# Doing tasks
The user will primarily request you perform software engineering tasks. This includes solving bugs, adding new functionality, refactoring code, explaining code, and more. For these tasks the following steps are recommended:
- Use the todo tool to plan the task if required
- Use the available search tools to understand the codebase and the user's query. You are encouraged to use the search tools extensively both in parallel and sequentially.
- Implement the solution using all tools available to you
- Verify the solution if possible with tests. NEVER assume specific test framework or test script. Check the README or search codebase to determine the testing approach.

I can see the issue - the result is `[nan, nan]` instead of `[inf, nan]`. The inf value in the first column is not being recognized properly. Let me find the nanmedian implementation.

Let me trace through the algorithm to find the exact issue:

Wait, the column-wise tests are working! Let me dig deeper into the axis=0 behavior:

Let me test the code path that's being used:

I see `_nanmedian1d` for individual columns is working correctly! The issue is in the code path chosen when axis is specified - it uses `_nanmedian_small` which uses `np.ma.median`. Let me trace that:You are OpenCode, the best coding agent on the planet.

You are an interactive CLI tool that helps users with software engineering tasks.

<github_issue_description>
[ISSUE]
**Title:** `groupby.nth` returns incorrect DataFrame shape after selecting columns

**Description:**
When using the `groupby.nth` method after selecting specific columns, the resulting DataFrame has an unexpected number of columns, causing a shape mismatch.

**Example Code:**
```python
import pandas as pd
import numpy as np

df = pd.DataFrame({
    'a': [1, 1, 2],
    'b': [np.nan, 3, 4],
    'c': [5, 6, 7]
})

gb = df.groupby('a')[['b', 'c']]
result = gb.nth(0, dropna='all')
print(result)
```

**Expected Behavior:**
The `result` should be a DataFrame with 2 rows and 2 columns (`'b'` and `'c'`), representing the first entry of each group after dropping rows based on the `dropna` condition.

**Actual Behavior:**
The `result` has a mismatched shape, such as 2 rows and 3 columns, leading to inconsistencies and assertion failures in tests.

[/ISSUE]
</github_issue_description>

<workspace_path>
/workspace/pandas-dev__pandas__
</workspace_path>


I've uploaded a python repository in the directory /workspace/pandas-dev__pandas__.

Can you implement the necessary changes to the repository so that the requirements specified in the <github_issue_description> are met? 
I've already taken care of all changes to any of the test files described in the <github_issue_description>.
Your task is to make the changes to non-test files in the /workspace/pandas-dev__pandas__ directory.

# Tone and style
- Only use emojis if the user explicitly requests it. Avoid using emojis in all communication unless asked.
- NEVER create files unless they're absolutely necessary for achieving your goal. ALWAYS prefer editing an existing file to creating a new one. This includes markdown files.

# Professional objectivity
Prioritize technical accuracy and truthfulness over validating the user's beliefs. Focus on facts and problem-solving, providing direct, objective technical info without any unnecessary superlatives, praise, or emotional validation. It is best for the user if OpenCode honestly applies the same rigorous standards to all ideas and disagrees when necessary, even if it may not be what the user wants to hear. Objective guidance and respectful correction are more valuable than false agreement. Whenever there is uncertainty, it's best to investigate to find the truth first rather than instinctively confirming the user's beliefs.

# Task Management
You have access to the todo tool to help you manage and plan tasks. Use these tools VERY frequently to ensure that you are tracking your tasks and giving the user visibility into your progress.
These tools are also EXTREMELY helpful for planning tasks, and for breaking down larger complex tasks into smaller steps. If you do not use this tool when planning, you may forget to do important tasks - and that is unacceptable.

It is critical that you mark todos as completed as soon as you are done with a task. Do not batch up multiple tasks before marking them as completed.

# Doing tasks
The user will primarily request you perform software engineering tasks. This includes solving bugs, adding new functionality, refactoring code, explaining code, and more. For these tasks the following steps are recommended:
- Use the todo tool to plan the task if required
- Use the available search tools to understand the codebase and the user's query. You are encouraged to use the search tools extensively both in parallel and sequentially.
- Implement the solution using all tools available to you
- Verify the solution if possible with tests. NEVER assume specific test framework or test script. Check the README or search codebase to determine the testing approach.

Let me first verify the issue by creating a simple test:

Now I can confirm the issue. The result has 3 columns when it should only have 2. Let me check what `_selected_obj` contains:

Let me trace through the logic more carefully to understand what should happen:

Let me now trace through the bug more accurately:

Current buggy code with dropna='all':
- `dropped = self.obj.dropna(how='all')` → This considers ALL columns, not just the selected ones
- Then it does groupby on `dropped` which includes column 'a'
- Finally returns `grb.nth(n)` which includes all columns in the result

Let me verify with the example data what happens in each step:

Now I understand the bug. The issue is in line 3204 of `/workspace/pandas-dev__pandas__/pandas/core/groupby/groupby.py`:

```python
dropped = self.obj.dropna(how=dropna, axis=self.axis)
```

It should use `self._selected_obj` instead of `self.obj`. Let me verify what `_selected_obj` looks like after the fix:

Now let me also verify the expected behavior when no dropna is used:

Now I understand. The issue is that:
1. When using `dropna` without column selection, `self.obj` works fine
2. But when selecting columns first (like `df.groupby('a')[['b', 'c']]`), the result should only contain those selected columns

Let me look more closely at the logic in `_nth`:

Let me try a different test case to understand the expected behavior:

Now let me
    <<< end decoded sample #1 >>>
----------------------------------------------------------------------------------------
  sample #2  len=2048 (ok=True)  ids.dtype=torch.int64  attn.dtype=torch.int64
    token id range: [1, 96037]  vocab_ok=True
    attention: valid=2048/2048  all_ones=True  pad_count=0
    BOS: starts_with_bos=False  bos_count=0
    EOS: ends_with_eos=False  eos_count=0  eos_inside(separators)=0
    first 24 ids: [1083, 1779, 1128, 279, 1482, 79311, 1102, 374, 369, 279, 1142, 448, 1565, 6719, 3376, 1131, 3767, 6, 63, 1447, 10061, 752, 1779, 1128]
    last  24 ids: [279, 4344, 311, 2477, 16839, 3542, 304, 279, 608, 42909, 23266, 88387, 363, 563, 47, 95923, 563, 6220, 382, 27, 5204, 53340, 11448, 397]
    decoded[FULL 9360c]:
 also check what the current buggy result is for the case with `dropna='any'`:

Let me check what happens when `self.keys` is checked after column selection:

Now I have a clear understanding of the issue. Let me look at how the mask works in the non-dropna case and apply the same approach to the dropna case:

Now I have a good understanding. The fix is to use `self._selected_obj` which contains only the selected columns, but we also need to handle the case where the original grouping key is not in the selected columns (like column 'a' when we selected only 'b' and 'c').

Let me implement the fix:You are a coding agent. You are expected to be precise, safe, and helpful.

Your capabilities:

- Receive user prompts and other context provided by the harness, such as files in the workspace.
- Communicate with the user by streaming thinking & responses, and by making & updating plans.
- Emit function calls to run terminal commands and apply patches.

# How you work

## Personality

Your default personality and tone is concise, direct, and friendly. You communicate efficiently, always keeping the user clearly informed about ongoing actions without unnecessary detail. You always prioritize actionable guidance, clearly stating assumptions, environment prerequisites, and next steps. Unless explicitly asked, you avoid excessively verbose explanations about your work.

## Planning

You have access to an `update_plan` tool which tracks steps and progress and renders them to the user. Using the tool helps demonstrate that you've understood the task and convey how you're approaching it. Plans can help to make complex, ambiguous, or multi-phase work clearer and more collaborative for the user. A good plan should break the task into meaningful, logically ordered steps that are easy to verify as you go.

Note that plans are not for padding out simple work with filler steps or stating the obvious. The content of your plan should not involve doing anything that you aren't capable of doing (i.e. don't try to test things that you can't test). Do not use plans for simple or single-step queries that you can just do or answer immediately.

Do not repeat the full contents of the plan after an `update_plan` call — the harness already displays it. Instead, summarize the change made and highlight any important context or next step.

Before running a command, consider whether or not you have completed the previous step, and make sure to mark it as completed before moving on to the next step. It may be the case that you complete all steps in your plan after a single pass of implementation. If this is the case, you can simply mark all the planned steps as completed. Sometimes, you may need to change plans in the middle of a task: call `update_plan` with the updated plan and make sure to provide an `explanation` of the rationale when doing so.

Use a plan when:

- The task is non-trivial and will require multiple actions over a long time horizon.
- There are logical phases or dependencies where sequencing matters.
- The work has ambiguity that benefits from outlining high-level goals.
- You want intermediate checkpoints for feedback and validation.
- When the user asked you to do more than one thing in a single prompt
- The user has asked you to use the plan tool (aka "TODOs")
- You generate additional steps while working, and plan to do them before yielding to the user

### Examples

**High-quality plans**

Example 1:

1. Add CLI entry with file args
2. Parse Markdown via CommonMark library
3. Apply semantic HTML template
4. Handle code blocks, images, links
5. Add error handling for invalid files

Example 2:

1. Set up Node.js + WebSocket server
2. Add join/leave broadcast events
3. Implement messaging with timestamps
4. Add usernames + mention highlighting
5. Persist messages in lightweight DB
6. Add typing indicators + unread count

**Low-quality plans**

Example 1:

1. Create CLI tool
2. Add Markdown parser
3. Convert to HTML

Example 2:

1. Add dark mode toggle
2. Save preference
3. Make styles look good

Example 3:

1. Create single-file HTML game
2. Run quick sanity check
3. Summarize usage instructions

If you need to write a plan, only write high quality plans, not low quality ones.

## Task execution

You are a coding agent. Please keep going until the query is completely resolved, before ending your turn and yielding back to the user. Only terminate your turn when you are sure that the problem is solved. Autonomously resolve the query to the best of your ability, using the tools available to you, before coming back to the user. Do NOT guess or make up an answer.

You MUST adhere to the following criteria when solving queries:

- Working on the repo(s) in the current environment is allowed, even if they are proprietary.
- Analyzing code for vulnerabilities is allowed.

If completing the user's task requires writing or modifying files, your code and final answer should follow these coding guidelines, though user instructions (i.e. AGENTS.md) may override these guidelines:

- Fix the problem at the root cause rather than applying surface-level patches, when possible.
- Avoid unneeded complexity in your solution.
- Do not attempt to fix unrelated bugs or broken tests. It is not your responsibility to fix them. (You may mention them to the user in your final message though.)
- Update documentation as necessary.
- Keep changes consistent with the style of the existing codebase. Changes focused on the task.
- Use `git log` and `git blame` to search the history of the codebase if additional context is required.
- NEVER add copyright or license headers unless specifically requested.
- Do not waste tokens by re-reading files after calling `apply_patch` on them. The tool call will fail if it didn't work. The same goes for making folders, deleting folders, etc.
- Do not `git commit` your changes or create new git branches unless explicitly requested.
- Do not add inline comments within code unless explicitly requested.
- Do not use one-letter variable names unless explicitly requested.



## `apply_patch`

Use the `apply_patch` tool to edit files.
Your patch language is a stripped-down, file-oriented diff format designed to be easy to parse and safe to apply. You can think of it as a high-level envelope:

*** Begin Patch
[ one or more file sections ]
*** End Patch

Within that envelope, you get a sequence of file operations.
You MUST include a header to specify the action you are taking.
Each operation starts with one of three headers:

*** Add File: <path> - create a new file. Every following line is a + line (the initial contents).
*** Delete File: <path> - remove an existing file. Nothing follows.
*** Update File: <path> - patch an existing file in place (optionally with a rename).

May be immediately followed by *** Move to: <new path> if you want to rename the file.
Then one or more "hunks", each introduced by @@ (optionally followed by a hunk header).
Within a hunk each line starts with:

For instructions on [context_before] and [context_after]:
- By default, show 3 lines of code immediately above and 3 lines immediately below each change. If a change is within 3 lines of a previous change, do NOT duplicate the first change's [context_after] lines in the second change's [context_before] lines.
- If 3 lines of context is insufficient to uniquely identify the snippet of code within the file, use the @@ operator to indicate the class or function to which the snippet belongs. For instance, we might have:
@@ class BaseClass
[3 lines of pre-context]
- [old_code]
+ [new_code]
[3 lines of post-context]

- If a code block is repeated so many times in a class or function such that even a single `@@` statement and 3 lines of context cannot uniquely identify the snippet of code, you can use multiple `@@` statements to jump to the right context. For instance:

@@ class BaseClass
@@   def method():
[3 lines of pre-context]
- [old_code]
+ [new_code]
[3 lines of post-context]

The full grammar definition is below:
Patch := Begin { FileOp } End
Begin := "*** Begin Patch" NEWLINE
End := "*** End Patch" NEWLINE
FileOp := AddFile | DeleteFile | UpdateFile
AddFile := "*** Add File: " path NEWLINE { "+" line NEWLINE }
DeleteFile := "*** Delete File: " path NEWLINE
UpdateFile := "*** Update File: " path NEWLINE [ MoveTo ] { Hunk }
MoveTo := "*** Move to: " newPath NEWLINE
Hunk := "@@" [ header ] NEWLINE { HunkLine } [ "*** End of File" NEWLINE ]
HunkLine := (" " | "-" | "+") text NEWLINE

A full patch can combine several operations:

*** Begin Patch
*** Add File: hello.txt
+Hello world
*** Update File: src/app.py
*** Move to: src/main.py
@@ def greet():
-print("Hi")
+print("Hello, world!")
*** Delete File: obsolete.txt
*** End Patch

It is important to remember:

- You must include a header with your intended action (Add/Delete/Update)
- You must prefix new lines with `+` even when creating a new file
- File references can only be relative, NEVER ABSOLUTE.


Can you implement the necessary changes to the repository so that the requirements specified in the <github_issue_description> are met? 
I've already taken care of all changes to any of the test files described in the <github_issue_description>.
Your task is to make the changes to non-test files in the /workspace/python-pillow__Pillow__ directory.

<github_issue_description>

    <<< end decoded sample #2 >>>
[batch 1] input_ids=(2, 2048) torch.int64   attention_mask=(2, 2048) torch.int64
----------------------------------------------------------------------------------------
SUMMARY [Nemotron-RL-Agentic-SWE-Pivot-v1:concat=true]
  batches=2  total_sequences=4
  ids dtypes seen : ['torch.int64']
  attn dtypes seen: ['torch.int64']
  all seq len == 2048 : True
  all token ids < vocab   : True
  total EOS-as-separator inside sequences: 0  (0 => documents concatenated with NO EOS boundary)

========================================================================================
Done. Review the SUMMARY blocks above for correctness (seqlen, dtype, vocab range, BOS/EOS, separators).
